time	delta	theta	alpha_low	alpha_high	beta_low	beta_high	gamma_low	gamma_mid
29094	115500	106561	19110	7682	24865	12782	4030	3713
29094	115500	106561	19110	7682	24865	12782	4030	3713
29094	115500	106561	19110	7682	24865	12782	4030	3713
29094	115500	106561	19110	7682	24865	12782	4030	3713
29094	115500	106561	19110	7682	24865	12782	4030	3713
29094	115500	106561	19110	7682	24865	12782	4030	3713
29095	115500	106561	19110	7682	24865	12782	4030	3713
29095	115500	106561	19110	7682	24865	12782	4030	3713
30152	3436401	239482	42592	18168	71746	45442	26132	17661
30152	3436401	239482	42592	18168	71746	45442	26132	17661
30152	3436401	239482	42592	18168	71746	45442	26132	17661
30152	3436401	239482	42592	18168	71746	45442	26132	17661
30152	3436401	239482	42592	18168	71746	45442	26132	17661
30152	3436401	239482	42592	18168	71746	45442	26132	17661
30152	3436401	239482	42592	18168	71746	45442	26132	17661
30152	3436401	239482	42592	18168	71746	45442	26132	17661
31122	76347	9234	3134	7243	1614	915	864	923
31122	76347	9234	3134	7243	1614	915	864	923
31122	76347	9234	3134	7243	1614	915	864	923
31122	76347	9234	3134	7243	1614	915	864	923
31122	76347	9234	3134	7243	1614	915	864	923
31122	76347	9234	3134	7243	1614	915	864	923
31122	76347	9234	3134	7243	1614	915	864	923
31122	76347	9234	3134	7243	1614	915	864	923
32074	60427	103593	21542	65328	25014	16195	8727	5362
32074	60427	103593	21542	65328	25014	16195	8727	5362
32074	60427	103593	21542	65328	25014	16195	8727	5362
32074	60427	103593	21542	65328	25014	16195	8727	5362
32074	60427	103593	21542	65328	25014	16195	8727	5362
32074	60427	103593	21542	65328	25014	16195	8727	5362
32074	60427	103593	21542	65328	25014	16195	8727	5362
32074	60427	103593	21542	65328	25014	16195	8727	5362
33113	95531	18680	5690	9011	5336	5949	2351	1263
33113	95531	18680	5690	9011	5336	5949	2351	1263
33113	95531	18680	5690	9011	5336	5949	2351	1263
33113	95531	18680	5690	9011	5336	5949	2351	1263
33113	95531	18680	5690	9011	5336	5949	2351	1263
33113	95531	18680	5690	9011	5336	5949	2351	1263
33113	95531	18680	5690	9011	5336	5949	2351	1263
33113	95531	18680	5690	9011	5336	5949	2351	1263
34069	1280506	36277	7700	3132	13340	16648	14896	4059
34069	1280506	36277	7700	3132	13340	16648	14896	4059
34069	1280506	36277	7700	3132	13340	16648	14896	4059
34069	1280506	36277	7700	3132	13340	16648	14896	4059
34069	1280506	36277	7700	3132	13340	16648	14896	4059
34069	1280506	36277	7700	3132	13340	16648	14896	4059
34069	1280506	36277	7700	3132	13340	16648	14896	4059
34069	1280506	36277	7700	3132	13340	16648	14896	4059
35120	373114	26870	10643	7859	4433	4605	4341	2300
35120	373114	26870	10643	7859	4433	4605	4341	2300
35120	373114	26870	10643	7859	4433	4605	4341	2300
35120	373114	26870	10643	7859	4433	4605	4341	2300
35120	373114	26870	10643	7859	4433	4605	4341	2300
35120	373114	26870	10643	7859	4433	4605	4341	2300
35120	373114	26870	10643	7859	4433	4605	4341	2300
35120	373114	26870	10643	7859	4433	4605	4341	2300
36053	250946	193605	36721	19007	24029	16660	12141	2626
36053	250946	193605	36721	19007	24029	16660	12141	2626
36053	250946	193605	36721	19007	24029	16660	12141	2626
36053	250946	193605	36721	19007	24029	16660	12141	2626
36053	250946	193605	36721	19007	24029	16660	12141	2626
36053	250946	193605	36721	19007	24029	16660	12141	2626
36053	250946	193605	36721	19007	24029	16660	12141	2626
36053	250946	193605	36721	19007	24029	16660	12141	2626
37105	685500	211609	58963	30358	22445	20428	4408	4546
37105	685500	211609	58963	30358	22445	20428	4408	4546
37105	685500	211609	58963	30358	22445	20428	4408	4546
37105	685500	211609	58963	30358	22445	20428	4408	4546
37105	685500	211609	58963	30358	22445	20428	4408	4546
37105	685500	211609	58963	30358	22445	20428	4408	4546
37105	685500	211609	58963	30358	22445	20428	4408	4546
37105	685500	211609	58963	30358	22445	20428	4408	4546
38068	812190	19491	15134	4324	4174	5338	2078	752
38068	812190	19491	15134	4324	4174	5338	2078	752
38068	812190	19491	15134	4324	4174	5338	2078	752
38068	812190	19491	15134	4324	4174	5338	2078	752
38068	812190	19491	15134	4324	4174	5338	2078	752
38068	812190	19491	15134	4324	4174	5338	2078	752
38068	812190	19491	15134	4324	4174	5338	2078	752
38068	812190	19491	15134	4324	4174	5338	2078	752
39116	12436	21799	4271	11358	16736	3724	2701	772
39116	12436	21799	4271	11358	16736	3724	2701	772
39116	12436	21799	4271	11358	16736	3724	2701	772
39116	12436	21799	4271	11358	16736	3724	2701	772
39116	12436	21799	4271	11358	16736	3724	2701	772
39116	12436	21799	4271	11358	16736	3724	2701	772
39116	12436	21799	4271	11358	16736	3724	2701	772
39116	12436	21799	4271	11358	16736	3724	2701	772
40053	65015	116430	14183	21930	6447	6970	8045	2123
40053	65015	116430	14183	21930	6447	6970	8045	2123
40053	65015	116430	14183	21930	6447	6970	8045	2123
40053	65015	116430	14183	21930	6447	6970	8045	2123
40053	65015	116430	14183	21930	6447	6970	8045	2123
40053	65015	116430	14183	21930	6447	6970	8045	2123
40053	65015	116430	14183	21930	6447	6970	8045	2123
40053	65015	116430	14183	21930	6447	6970	8045	2123
41100	130434	54404	7502	3186	5659	10586	2635	868
41100	130434	54404	7502	3186	5659	10586	2635	868
41100	130434	54404	7502	3186	5659	10586	2635	868
41100	130434	54404	7502	3186	5659	10586	2635	868
41100	130434	54404	7502	3186	5659	10586	2635	868
41100	130434	54404	7502	3186	5659	10586	2635	868
41100	130434	54404	7502	3186	5659	10586	2635	868
41100	130434	54404	7502	3186	5659	10586	2635	868
42053	39534	36824	7849	55295	19113	25734	8746	2096
42054	39534	36824	7849	55295	19113	25734	8746	2096
42054	39534	36824	7849	55295	19113	25734	8746	2096
42054	39534	36824	7849	55295	19113	25734	8746	2096
42054	39534	36824	7849	55295	19113	25734	8746	2096
42054	39534	36824	7849	55295	19113	25734	8746	2096
42054	39534	36824	7849	55295	19113	25734	8746	2096
42054	39534	36824	7849	55295	19113	25734	8746	2096
43091	215998	160960	71046	29193	36001	19886	2786	2452
43091	215998	160960	71046	29193	36001	19886	2786	2452
43091	215998	160960	71046	29193	36001	19886	2786	2452
43091	215998	160960	71046	29193	36001	19886	2786	2452
43091	215998	160960	71046	29193	36001	19886	2786	2452
43091	215998	160960	71046	29193	36001	19886	2786	2452
43091	215998	160960	71046	29193	36001	19886	2786	2452
43091	215998	160960	71046	29193	36001	19886	2786	2452
44023	43817	194005	8987	67249	11114	17984	5038	1358
44023	43817	194005	8987	67249	11114	17984	5038	1358
44023	43817	194005	8987	67249	11114	17984	5038	1358
44023	43817	194005	8987	67249	11114	17984	5038	1358
44024	43817	194005	8987	67249	11114	17984	5038	1358
44024	43817	194005	8987	67249	11114	17984	5038	1358
44024	43817	194005	8987	67249	11114	17984	5038	1358
44024	43817	194005	8987	67249	11114	17984	5038	1358
45064	487233	476952	29124	99478	18627	23686	6425	7233
45064	487233	476952	29124	99478	18627	23686	6425	7233
45064	487233	476952	29124	99478	18627	23686	6425	7233
45064	487233	476952	29124	99478	18627	23686	6425	7233
45064	487233	476952	29124	99478	18627	23686	6425	7233
45064	487233	476952	29124	99478	18627	23686	6425	7233
45064	487233	476952	29124	99478	18627	23686	6425	7233
45064	487233	476952	29124	99478	18627	23686	6425	7233
46008	987787	67668	12158	11639	7924	4251	1067	1074
46008	987787	67668	12158	11639	7924	4251	1067	1074
46008	987787	67668	12158	11639	7924	4251	1067	1074
46008	987787	67668	12158	11639	7924	4251	1067	1074
46008	987787	67668	12158	11639	7924	4251	1067	1074
46008	987787	67668	12158	11639	7924	4251	1067	1074
46008	987787	67668	12158	11639	7924	4251	1067	1074
46008	987787	67668	12158	11639	7924	4251	1067	1074
47072	242459	72274	8760	8502	13870	2773	1352	891
47072	242459	72274	8760	8502	13870	2773	1352	891
47072	242459	72274	8760	8502	13870	2773	1352	891
47072	242459	72274	8760	8502	13870	2773	1352	891
47072	242459	72274	8760	8502	13870	2773	1352	891
47072	242459	72274	8760	8502	13870	2773	1352	891
47072	242459	72274	8760	8502	13870	2773	1352	891
47072	242459	72274	8760	8502	13870	2773	1352	891
48011	834582	80783	16252	18490	21463	11752	4864	2856
48011	834582	80783	16252	18490	21463	11752	4864	2856
48011	834582	80783	16252	18490	21463	11752	4864	2856
48011	834582	80783	16252	18490	21463	11752	4864	2856
48011	834582	80783	16252	18490	21463	11752	4864	2856
48011	834582	80783	16252	18490	21463	11752	4864	2856
48011	834582	80783	16252	18490	21463	11752	4864	2856
48011	834582	80783	16252	18490	21463	11752	4864	2856
49034	25042	113795	23000	58083	3710	14734	5635	1720
49034	25042	113795	23000	58083	3710	14734	5635	1720
49034	25042	113795	23000	58083	3710	14734	5635	1720
49034	25042	113795	23000	58083	3710	14734	5635	1720
49034	25042	113795	23000	58083	3710	14734	5635	1720
49034	25042	113795	23000	58083	3710	14734	5635	1720
49034	25042	113795	23000	58083	3710	14734	5635	1720
49034	25042	113795	23000	58083	3710	14734	5635	1720
49975	36444	96855	26099	23746	41926	20650	3131	2828
49975	36444	96855	26099	23746	41926	20650	3131	2828
49975	36444	96855	26099	23746	41926	20650	3131	2828
49976	36444	96855	26099	23746	41926	20650	3131	2828
49976	36444	96855	26099	23746	41926	20650	3131	2828
49976	36444	96855	26099	23746	41926	20650	3131	2828
49976	36444	96855	26099	23746	41926	20650	3131	2828
49976	36444	96855	26099	23746	41926	20650	3131	2828
51014	182469	171453	30081	30689	39963	16713	4299	6722
51014	182469	171453	30081	30689	39963	16713	4299	6722
51014	182469	171453	30081	30689	39963	16713	4299	6722
51014	182469	171453	30081	30689	39963	16713	4299	6722
51014	182469	171453	30081	30689	39963	16713	4299	6722
51014	182469	171453	30081	30689	39963	16713	4299	6722
51014	182469	171453	30081	30689	39963	16713	4299	6722
51014	182469	171453	30081	30689	39963	16713	4299	6722
51951	27867	184033	52738	6285	46903	5762	4206	2937
51951	27867	184033	52738	6285	46903	5762	4206	2937
51951	27867	184033	52738	6285	46903	5762	4206	2937
51951	27867	184033	52738	6285	46903	5762	4206	2937
51951	27867	184033	52738	6285	46903	5762	4206	2937
51951	27867	184033	52738	6285	46903	5762	4206	2937
51951	27867	184033	52738	6285	46903	5762	4206	2937
51951	27867	184033	52738	6285	46903	5762	4206	2937
52984	509850	96810	45350	48831	16905	7493	2532	1811
52984	509850	96810	45350	48831	16905	7493	2532	1811
52985	509850	96810	45350	48831	16905	7493	2532	1811
52985	509850	96810	45350	48831	16905	7493	2532	1811
52985	509850	96810	45350	48831	16905	7493	2532	1811
52985	509850	96810	45350	48831	16905	7493	2532	1811
52985	509850	96810	45350	48831	16905	7493	2532	1811
52985	509850	96810	45350	48831	16905	7493	2532	1811
54025	79261	164148	66942	8791	13004	14878	7900	5352
54025	79261	164148	66942	8791	13004	14878	7900	5352
54025	79261	164148	66942	8791	13004	14878	7900	5352
54025	79261	164148	66942	8791	13004	14878	7900	5352
54025	79261	164148	66942	8791	13004	14878	7900	5352
54025	79261	164148	66942	8791	13004	14878	7900	5352
54025	79261	164148	66942	8791	13004	14878	7900	5352
54025	79261	164148	66942	8791	13004	14878	7900	5352
54962	128578	78271	39115	34694	15784	12600	3880	1966
54962	128578	78271	39115	34694	15784	12600	3880	1966
54962	128578	78271	39115	34694	15784	12600	3880	1966
54962	128578	78271	39115	34694	15784	12600	3880	1966
54962	128578	78271	39115	34694	15784	12600	3880	1966
54962	128578	78271	39115	34694	15784	12600	3880	1966
54962	128578	78271	39115	34694	15784	12600	3880	1966
54962	128578	78271	39115	34694	15784	12600	3880	1966
55983	92177	570184	27925	33430	52821	19620	5372	6160
55983	92177	570184	27925	33430	52821	19620	5372	6160
55983	92177	570184	27925	33430	52821	19620	5372	6160
55983	92177	570184	27925	33430	52821	19620	5372	6160
55983	92177	570184	27925	33430	52821	19620	5372	6160
55983	92177	570184	27925	33430	52821	19620	5372	6160
55983	92177	570184	27925	33430	52821	19620	5372	6160
55983	92177	570184	27925	33430	52821	19620	5372	6160
56922	634149	33477	15592	6992	10370	4545	935	1514
56922	634149	33477	15592	6992	10370	4545	935	1514
56922	634149	33477	15592	6992	10370	4545	935	1514
56922	634149	33477	15592	6992	10370	4545	935	1514
56922	634149	33477	15592	6992	10370	4545	935	1514
56922	634149	33477	15592	6992	10370	4545	935	1514
56922	634149	33477	15592	6992	10370	4545	935	1514
56922	634149	33477	15592	6992	10370	4545	935	1514
57970	80974	63103	31311	24973	5201	3866	1737	1075
57970	80974	63103	31311	24973	5201	3866	1737	1075
57970	80974	63103	31311	24973	5201	3866	1737	1075
57970	80974	63103	31311	24973	5201	3866	1737	1075
57970	80974	63103	31311	24973	5201	3866	1737	1075
57970	80974	63103	31311	24973	5201	3866	1737	1075
57970	80974	63103	31311	24973	5201	3866	1737	1075
57970	80974	63103	31311	24973	5201	3866	1737	1075
58989	433737	8289	9305	7572	45707	40765	22676	13481
58989	433737	8289	9305	7572	45707	40765	22676	13481
58989	433737	8289	9305	7572	45707	40765	22676	13481
58989	433737	8289	9305	7572	45707	40765	22676	13481
58989	433737	8289	9305	7572	45707	40765	22676	13481
58989	433737	8289	9305	7572	45707	40765	22676	13481
58989	433737	8289	9305	7572	45707	40765	22676	13481
58989	433737	8289	9305	7572	45707	40765	22676	13481
59914	72558	21965	21610	2833	2046	2461	1037	627
59914	72558	21965	21610	2833	2046	2461	1037	627
59914	72558	21965	21610	2833	2046	2461	1037	627
59914	72558	21965	21610	2833	2046	2461	1037	627
59914	72558	21965	21610	2833	2046	2461	1037	627
59914	72558	21965	21610	2833	2046	2461	1037	627
59914	72558	21965	21610	2833	2046	2461	1037	627
59914	72558	21965	21610	2833	2046	2461	1037	627
60980	518064	136402	38122	18616	24186	19841	3343	4378
60980	518064	136402	38122	18616	24186	19841	3343	4378
60980	518064	136402	38122	18616	24186	19841	3343	4378
60980	518064	136402	38122	18616	24186	19841	3343	4378
60980	518064	136402	38122	18616	24186	19841	3343	4378
60980	518064	136402	38122	18616	24186	19841	3343	4378
60980	518064	136402	38122	18616	24186	19841	3343	4378
60980	518064	136402	38122	18616	24186	19841	3343	4378
61933	1908400	153594	175378	22525	53012	33011	5587	2044
61933	1908400	153594	175378	22525	53012	33011	5587	2044
61933	1908400	153594	175378	22525	53012	33011	5587	2044
61933	1908400	153594	175378	22525	53012	33011	5587	2044
61933	1908400	153594	175378	22525	53012	33011	5587	2044
61933	1908400	153594	175378	22525	53012	33011	5587	2044
61933	1908400	153594	175378	22525	53012	33011	5587	2044
61933	1908400	153594	175378	22525	53012	33011	5587	2044
62966	297086	158169	34679	37181	66326	15453	6973	4311
62966	297086	158169	34679	37181	66326	15453	6973	4311
62966	297086	158169	34679	37181	66326	15453	6973	4311
62966	297086	158169	34679	37181	66326	15453	6973	4311
62966	297086	158169	34679	37181	66326	15453	6973	4311
62966	297086	158169	34679	37181	66326	15453	6973	4311
62966	297086	158169	34679	37181	66326	15453	6973	4311
62966	297086	158169	34679	37181	66326	15453	6973	4311
63904	311337	375873	115179	19310	24829	26260	8208	2437
63904	311337	375873	115179	19310	24829	26260	8208	2437
63904	311337	375873	115179	19310	24829	26260	8208	2437
63904	311337	375873	115179	19310	24829	26260	8208	2437
63904	311337	375873	115179	19310	24829	26260	8208	2437
63904	311337	375873	115179	19310	24829	26260	8208	2437
63904	311337	375873	115179	19310	24829	26260	8208	2437
63904	311337	375873	115179	19310	24829	26260	8208	2437
64959	185412	18340	4151	4270	6028	2134	1693	1105
64959	185412	18340	4151	4270	6028	2134	1693	1105
64959	185412	18340	4151	4270	6028	2134	1693	1105
64959	185412	18340	4151	4270	6028	2134	1693	1105
64959	185412	18340	4151	4270	6028	2134	1693	1105
64959	185412	18340	4151	4270	6028	2134	1693	1105
64959	185412	18340	4151	4270	6028	2134	1693	1105
64959	185412	18340	4151	4270	6028	2134	1693	1105
65882	90693	137664	97835	39436	30931	12057	3024	2213
65882	90693	137664	97835	39436	30931	12057	3024	2213
65882	90693	137664	97835	39436	30931	12057	3024	2213
65882	90693	137664	97835	39436	30931	12057	3024	2213
65882	90693	137664	97835	39436	30931	12057	3024	2213
65882	90693	137664	97835	39436	30931	12057	3024	2213
65882	90693	137664	97835	39436	30931	12057	3024	2213
65882	90693	137664	97835	39436	30931	12057	3024	2213
66912	344541	42183	15940	2288	3509	1620	875	397
66912	344541	42183	15940	2288	3509	1620	875	397
66912	344541	42183	15940	2288	3509	1620	875	397
66912	344541	42183	15940	2288	3509	1620	875	397
66912	344541	42183	15940	2288	3509	1620	875	397
66912	344541	42183	15940	2288	3509	1620	875	397
66912	344541	42183	15940	2288	3509	1620	875	397
66912	344541	42183	15940	2288	3509	1620	875	397
67958	182590	80485	7343	4069	12275	4086	2496	628
67958	182590	80485	7343	4069	12275	4086	2496	628
67958	182590	80485	7343	4069	12275	4086	2496	628
67958	182590	80485	7343	4069	12275	4086	2496	628
67958	182590	80485	7343	4069	12275	4086	2496	628
67958	182590	80485	7343	4069	12275	4086	2496	628
67958	182590	80485	7343	4069	12275	4086	2496	628
67958	182590	80485	7343	4069	12275	4086	2496	628
68889	53970	70420	16271	33557	17548	22075	5450	1862
68889	53970	70420	16271	33557	17548	22075	5450	1862
68889	53970	70420	16271	33557	17548	22075	5450	1862
68889	53970	70420	16271	33557	17548	22075	5450	1862
68889	53970	70420	16271	33557	17548	22075	5450	1862
68889	53970	70420	16271	33557	17548	22075	5450	1862
68889	53970	70420	16271	33557	17548	22075	5450	1862
68889	53970	70420	16271	33557	17548	22075	5450	1862
69920	1320488	104122	70920	8555	126487	75944	28117	6542
69920	1320488	104122	70920	8555	126487	75944	28117	6542
69920	1320488	104122	70920	8555	126487	75944	28117	6542
69920	1320488	104122	70920	8555	126487	75944	28117	6542
69920	1320488	104122	70920	8555	126487	75944	28117	6542
69920	1320488	104122	70920	8555	126487	75944	28117	6542
69920	1320488	104122	70920	8555	126487	75944	28117	6542
69920	1320488	104122	70920	8555	126487	75944	28117	6542
70867	949261	130589	15087	33202	27740	9177	5846	3119
70867	949261	130589	15087	33202	27740	9177	5846	3119
70867	949261	130589	15087	33202	27740	9177	5846	3119
70867	949261	130589	15087	33202	27740	9177	5846	3119
70867	949261	130589	15087	33202	27740	9177	5846	3119
70867	949261	130589	15087	33202	27740	9177	5846	3119
70867	949261	130589	15087	33202	27740	9177	5846	3119
70867	949261	130589	15087	33202	27740	9177	5846	3119
71911	247964	32569	4844	1399	2829	2811	472	402
71911	247964	32569	4844	1399	2829	2811	472	402
71911	247964	32569	4844	1399	2829	2811	472	402
71911	247964	32569	4844	1399	2829	2811	472	402
71911	247964	32569	4844	1399	2829	2811	472	402
71911	247964	32569	4844	1399	2829	2811	472	402
71911	247964	32569	4844	1399	2829	2811	472	402
71911	247964	32569	4844	1399	2829	2811	472	402
72871	212694	117232	7860	10194	11257	3238	1524	1213
72871	212694	117232	7860	10194	11257	3238	1524	1213
72871	212694	117232	7860	10194	11257	3238	1524	1213
72871	212694	117232	7860	10194	11257	3238	1524	1213
72871	212694	117232	7860	10194	11257	3238	1524	1213
72871	212694	117232	7860	10194	11257	3238	1524	1213
72871	212694	117232	7860	10194	11257	3238	1524	1213
72871	212694	117232	7860	10194	11257	3238	1524	1213
73896	77584	70481	46549	60787	50438	10009	1567	2345
73896	77584	70481	46549	60787	50438	10009	1567	2345
73896	77584	70481	46549	60787	50438	10009	1567	2345
73896	77584	70481	46549	60787	50438	10009	1567	2345
73896	77584	70481	46549	60787	50438	10009	1567	2345
73896	77584	70481	46549	60787	50438	10009	1567	2345
73896	77584	70481	46549	60787	50438	10009	1567	2345
73896	77584	70481	46549	60787	50438	10009	1567	2345
76822	1493888	381383	72442	74564	14809	21598	17402	2382
76822	1493888	381383	72442	74564	14809	21598	17402	2382
76822	1493888	381383	72442	74564	14809	21598	17402	2382
76822	1493888	381383	72442	74564	14809	21598	17402	2382
76822	1493888	381383	72442	74564	14809	21598	17402	2382
76822	1493888	381383	72442	74564	14809	21598	17402	2382
76822	1493888	381383	72442	74564	14809	21598	17402	2382
76822	1493888	381383	72442	74564	14809	21598	17402	2382
77873	354484	335496	20093	16871	40478	8529	8893	4922
77873	354484	335496	20093	16871	40478	8529	8893	4922
77873	354484	335496	20093	16871	40478	8529	8893	4922
77873	354484	335496	20093	16871	40478	8529	8893	4922
77873	354484	335496	20093	16871	40478	8529	8893	4922
77873	354484	335496	20093	16871	40478	8529	8893	4922
77873	354484	335496	20093	16871	40478	8529	8893	4922
77873	354484	335496	20093	16871	40478	8529	8893	4922
78806	140678	43008	3641	2786	1811	2717	835	258
78806	140678	43008	3641	2786	1811	2717	835	258
78806	140678	43008	3641	2786	1811	2717	835	258
78806	140678	43008	3641	2786	1811	2717	835	258
78806	140678	43008	3641	2786	1811	2717	835	258
78806	140678	43008	3641	2786	1811	2717	835	258
78806	140678	43008	3641	2786	1811	2717	835	258
78806	140678	43008	3641	2786	1811	2717	835	258
79838	21937	329105	32381	28838	22648	12034	3015	3448
79838	21937	329105	32381	28838	22648	12034	3015	3448
79838	21937	329105	32381	28838	22648	12034	3015	3448
79838	21937	329105	32381	28838	22648	12034	3015	3448
79838	21937	329105	32381	28838	22648	12034	3015	3448
79838	21937	329105	32381	28838	22648	12034	3015	3448
79838	21937	329105	32381	28838	22648	12034	3015	3448
79838	21937	329105	32381	28838	22648	12034	3015	3448
80793	44044	101368	50481	19179	12820	12049	1496	2015
80793	44044	101368	50481	19179	12820	12049	1496	2015
80793	44044	101368	50481	19179	12820	12049	1496	2015
80793	44044	101368	50481	19179	12820	12049	1496	2015
80793	44044	101368	50481	19179	12820	12049	1496	2015
80793	44044	101368	50481	19179	12820	12049	1496	2015
80793	44044	101368	50481	19179	12820	12049	1496	2015
80793	44044	101368	50481	19179	12820	12049	1496	2015
81830	184389	94741	50070	26656	21931	7717	5493	3229
81830	184389	94741	50070	26656	21931	7717	5493	3229
81830	184389	94741	50070	26656	21931	7717	5493	3229
81830	184389	94741	50070	26656	21931	7717	5493	3229
81830	184389	94741	50070	26656	21931	7717	5493	3229
81830	184389	94741	50070	26656	21931	7717	5493	3229
81830	184389	94741	50070	26656	21931	7717	5493	3229
81830	184389	94741	50070	26656	21931	7717	5493	3229
82771	613595	100742	8645	47460	14455	6140	7220	1227
82771	613595	100742	8645	47460	14455	6140	7220	1227
82771	613595	100742	8645	47460	14455	6140	7220	1227
82771	613595	100742	8645	47460	14455	6140	7220	1227
82771	613595	100742	8645	47460	14455	6140	7220	1227
82771	613595	100742	8645	47460	14455	6140	7220	1227
82771	613595	100742	8645	47460	14455	6140	7220	1227
82771	613595	100742	8645	47460	14455	6140	7220	1227
83808	15838	5178	126187	17313	28528	5974	3190	2321
83808	15838	5178	126187	17313	28528	5974	3190	2321
83808	15838	5178	126187	17313	28528	5974	3190	2321
83808	15838	5178	126187	17313	28528	5974	3190	2321
83808	15838	5178	126187	17313	28528	5974	3190	2321
83808	15838	5178	126187	17313	28528	5974	3190	2321
83808	15838	5178	126187	17313	28528	5974	3190	2321
83808	15838	5178	126187	17313	28528	5974	3190	2321
84755	21813	41908	78597	27067	24075	10958	5379	1228
84755	21813	41908	78597	27067	24075	10958	5379	1228
84755	21813	41908	78597	27067	24075	10958	5379	1228
84755	21813	41908	78597	27067	24075	10958	5379	1228
84755	21813	41908	78597	27067	24075	10958	5379	1228
84755	21813	41908	78597	27067	24075	10958	5379	1228
84755	21813	41908	78597	27067	24075	10958	5379	1228
84755	21813	41908	78597	27067	24075	10958	5379	1228
85798	177982	48350	12000	5184	5154	3796	1184	527
85798	177982	48350	12000	5184	5154	3796	1184	527
85798	177982	48350	12000	5184	5154	3796	1184	527
85798	177982	48350	12000	5184	5154	3796	1184	527
85798	177982	48350	12000	5184	5154	3796	1184	527
85798	177982	48350	12000	5184	5154	3796	1184	527
85798	177982	48350	12000	5184	5154	3796	1184	527
85798	177982	48350	12000	5184	5154	3796	1184	527
86823	159394	239371	37664	12709	20916	5586	1320	3607
86823	159394	239371	37664	12709	20916	5586	1320	3607
86823	159394	239371	37664	12709	20916	5586	1320	3607
86823	159394	239371	37664	12709	20916	5586	1320	3607
86823	159394	239371	37664	12709	20916	5586	1320	3607
86823	159394	239371	37664	12709	20916	5586	1320	3607
86823	159394	239371	37664	12709	20916	5586	1320	3607
86823	159394	239371	37664	12709	20916	5586	1320	3607
87765	259665	352860	58468	9251	21981	15767	2266	7241
87765	259665	352860	58468	9251	21981	15767	2266	7241
87765	259665	352860	58468	9251	21981	15767	2266	7241
87765	259665	352860	58468	9251	21981	15767	2266	7241
87765	259665	352860	58468	9251	21981	15767	2266	7241
87765	259665	352860	58468	9251	21981	15767	2266	7241
87765	259665	352860	58468	9251	21981	15767	2266	7241
87765	259665	352860	58468	9251	21981	15767	2266	7241
88798	484921	133777	29026	17800	23866	8804	11634	7407
88798	484921	133777	29026	17800	23866	8804	11634	7407
88798	484921	133777	29026	17800	23866	8804	11634	7407
88798	484921	133777	29026	17800	23866	8804	11634	7407
88798	484921	133777	29026	17800	23866	8804	11634	7407
88798	484921	133777	29026	17800	23866	8804	11634	7407
88798	484921	133777	29026	17800	23866	8804	11634	7407
88798	484921	133777	29026	17800	23866	8804	11634	7407
89731	237039	17236	2594	1770	2273	5318	912	200
89731	237039	17236	2594	1770	2273	5318	912	200
89731	237039	17236	2594	1770	2273	5318	912	200
89731	237039	17236	2594	1770	2273	5318	912	200
89731	237039	17236	2594	1770	2273	5318	912	200
89731	237039	17236	2594	1770	2273	5318	912	200
89731	237039	17236	2594	1770	2273	5318	912	200
89731	237039	17236	2594	1770	2273	5318	912	200
90765	365211	256255	13377	31379	43743	33299	3221	1617
90765	365211	256255	13377	31379	43743	33299	3221	1617
90765	365211	256255	13377	31379	43743	33299	3221	1617
90765	365211	256255	13377	31379	43743	33299	3221	1617
90765	365211	256255	13377	31379	43743	33299	3221	1617
90765	365211	256255	13377	31379	43743	33299	3221	1617
90765	365211	256255	13377	31379	43743	33299	3221	1617
90765	365211	256255	13377	31379	43743	33299	3221	1617
91806	874959	387679	51544	25196	45888	19741	11662	1777
91806	874959	387679	51544	25196	45888	19741	11662	1777
91806	874959	387679	51544	25196	45888	19741	11662	1777
91806	874959	387679	51544	25196	45888	19741	11662	1777
91806	874959	387679	51544	25196	45888	19741	11662	1777
91806	874959	387679	51544	25196	45888	19741	11662	1777
91806	874959	387679	51544	25196	45888	19741	11662	1777
91806	874959	387679	51544	25196	45888	19741	11662	1777
92743	400056	57501	20748	11049	8822	3567	1084	528
92743	400056	57501	20748	11049	8822	3567	1084	528
92743	400056	57501	20748	11049	8822	3567	1084	528
92743	400056	57501	20748	11049	8822	3567	1084	528
92743	400056	57501	20748	11049	8822	3567	1084	528
92743	400056	57501	20748	11049	8822	3567	1084	528
92743	400056	57501	20748	11049	8822	3567	1084	528
92743	400056	57501	20748	11049	8822	3567	1084	528
93786	26467	32380	13731	39727	6528	9103	2866	1663
93786	26467	32380	13731	39727	6528	9103	2866	1663
93786	26467	32380	13731	39727	6528	9103	2866	1663
93786	26467	32380	13731	39727	6528	9103	2866	1663
93786	26467	32380	13731	39727	6528	9103	2866	1663
93786	26467	32380	13731	39727	6528	9103	2866	1663
93786	26467	32380	13731	39727	6528	9103	2866	1663
93786	26467	32380	13731	39727	6528	9103	2866	1663
94727	77634	45927	6869	22340	2722	6617	474	219
94727	77634	45927	6869	22340	2722	6617	474	219
94727	77634	45927	6869	22340	2722	6617	474	219
94727	77634	45927	6869	22340	2722	6617	474	219
94727	77634	45927	6869	22340	2722	6617	474	219
94727	77634	45927	6869	22340	2722	6617	474	219
94727	77634	45927	6869	22340	2722	6617	474	219
94727	77634	45927	6869	22340	2722	6617	474	219
95751	1589330	569913	175033	25770	44240	60830	4983	5166
95751	1589330	569913	175033	25770	44240	60830	4983	5166
95751	1589330	569913	175033	25770	44240	60830	4983	5166
95751	1589330	569913	175033	25770	44240	60830	4983	5166
95751	1589330	569913	175033	25770	44240	60830	4983	5166
95751	1589330	569913	175033	25770	44240	60830	4983	5166
95751	1589330	569913	175033	25770	44240	60830	4983	5166
95751	1589330	569913	175033	25770	44240	60830	4983	5166
96697	156233	109937	16468	13156	11458	2876	963	2474
96697	156233	109937	16468	13156	11458	2876	963	2474
96697	156233	109937	16468	13156	11458	2876	963	2474
96697	156233	109937	16468	13156	11458	2876	963	2474
96697	156233	109937	16468	13156	11458	2876	963	2474
96697	156233	109937	16468	13156	11458	2876	963	2474
96697	156233	109937	16468	13156	11458	2876	963	2474
96697	156233	109937	16468	13156	11458	2876	963	2474
97727	165039	193758	96650	49918	25037	8893	3253	2514
97727	165039	193758	96650	49918	25037	8893	3253	2514
97727	165039	193758	96650	49918	25037	8893	3253	2514
97727	165039	193758	96650	49918	25037	8893	3253	2514
97727	165039	193758	96650	49918	25037	8893	3253	2514
97727	165039	193758	96650	49918	25037	8893	3253	2514
97727	165039	193758	96650	49918	25037	8893	3253	2514
97727	165039	193758	96650	49918	25037	8893	3253	2514
98673	47852	176939	8861	12490	16985	26233	4382	3567
98673	47852	176939	8861	12490	16985	26233	4382	3567
98673	47852	176939	8861	12490	16985	26233	4382	3567
98673	47852	176939	8861	12490	16985	26233	4382	3567
98673	47852	176939	8861	12490	16985	26233	4382	3567
98673	47852	176939	8861	12490	16985	26233	4382	3567
98673	47852	176939	8861	12490	16985	26233	4382	3567
98673	47852	176939	8861	12490	16985	26233	4382	3567
99725	1251391	768995	36247	44281	49096	9640	9503	3791
99725	1251391	768995	36247	44281	49096	9640	9503	3791
99725	1251391	768995	36247	44281	49096	9640	9503	3791
99725	1251391	768995	36247	44281	49096	9640	9503	3791
99725	1251391	768995	36247	44281	49096	9640	9503	3791
99725	1251391	768995	36247	44281	49096	9640	9503	3791
99725	1251391	768995	36247	44281	49096	9640	9503	3791
99725	1251391	768995	36247	44281	49096	9640	9503	3791
100681	328122	324607	65632	44547	13353	14556	4440	2209
100681	328122	324607	65632	44547	13353	14556	4440	2209
100681	328122	324607	65632	44547	13353	14556	4440	2209
100681	328122	324607	65632	44547	13353	14556	4440	2209
100681	328122	324607	65632	44547	13353	14556	4440	2209
100681	328122	324607	65632	44547	13353	14556	4440	2209
100681	328122	324607	65632	44547	13353	14556	4440	2209
100681	328122	324607	65632	44547	13353	14556	4440	2209
101735	789446	610063	109028	80560	19315	15776	6284	3646
101735	789446	610063	109028	80560	19315	15776	6284	3646
101735	789446	610063	109028	80560	19315	15776	6284	3646
101735	789446	610063	109028	80560	19315	15776	6284	3646
101735	789446	610063	109028	80560	19315	15776	6284	3646
101735	789446	610063	109028	80560	19315	15776	6284	3646
101735	789446	610063	109028	80560	19315	15776	6284	3646
101735	789446	610063	109028	80560	19315	15776	6284	3646
102680	252068	26929	12531	11065	5818	4867	1997	1479
102680	252068	26929	12531	11065	5818	4867	1997	1479
102680	252068	26929	12531	11065	5818	4867	1997	1479
102680	252068	26929	12531	11065	5818	4867	1997	1479
102680	252068	26929	12531	11065	5818	4867	1997	1479
102680	252068	26929	12531	11065	5818	4867	1997	1479
102680	252068	26929	12531	11065	5818	4867	1997	1479
102680	252068	26929	12531	11065	5818	4867	1997	1479
103730	1393401	75087	22475	14808	3767	3875	1087	914
103730	1393401	75087	22475	14808	3767	3875	1087	914
103730	1393401	75087	22475	14808	3767	3875	1087	914
103730	1393401	75087	22475	14808	3767	3875	1087	914
103730	1393401	75087	22475	14808	3767	3875	1087	914
103730	1393401	75087	22475	14808	3767	3875	1087	914
103730	1393401	75087	22475	14808	3767	3875	1087	914
103730	1393401	75087	22475	14808	3767	3875	1087	914
104699	1379742	861927	107240	28178	44793	13646	6358	6066
104699	1379742	861927	107240	28178	44793	13646	6358	6066
104699	1379742	861927	107240	28178	44793	13646	6358	6066
104699	1379742	861927	107240	28178	44793	13646	6358	6066
104699	1379742	861927	107240	28178	44793	13646	6358	6066
104699	1379742	861927	107240	28178	44793	13646	6358	6066
104699	1379742	861927	107240	28178	44793	13646	6358	6066
104699	1379742	861927	107240	28178	44793	13646	6358	6066
105659	73745	199340	77720	38382	17332	23327	5439	1221
105659	73745	199340	77720	38382	17332	23327	5439	1221
105659	73745	199340	77720	38382	17332	23327	5439	1221
105659	73745	199340	77720	38382	17332	23327	5439	1221
105659	73745	199340	77720	38382	17332	23327	5439	1221
105659	73745	199340	77720	38382	17332	23327	5439	1221
105659	73745	199340	77720	38382	17332	23327	5439	1221
105659	73745	199340	77720	38382	17332	23327	5439	1221
106714	1660421	209050	11119	23244	27306	33853	8563	4311
106714	1660421	209050	11119	23244	27306	33853	8563	4311
106714	1660421	209050	11119	23244	27306	33853	8563	4311
106714	1660421	209050	11119	23244	27306	33853	8563	4311
106714	1660421	209050	11119	23244	27306	33853	8563	4311
106714	1660421	209050	11119	23244	27306	33853	8563	4311
106714	1660421	209050	11119	23244	27306	33853	8563	4311
106714	1660421	209050	11119	23244	27306	33853	8563	4311
107655	1501291	68746	21572	33792	31866	24293	8207	3706
107655	1501291	68746	21572	33792	31866	24293	8207	3706
107655	1501291	68746	21572	33792	31866	24293	8207	3706
107655	1501291	68746	21572	33792	31866	24293	8207	3706
107655	1501291	68746	21572	33792	31866	24293	8207	3706
107655	1501291	68746	21572	33792	31866	24293	8207	3706
107655	1501291	68746	21572	33792	31866	24293	8207	3706
107655	1501291	68746	21572	33792	31866	24293	8207	3706
108700	911750	49792	89288	146993	119168	103884	54282	7292
108700	911750	49792	89288	146993	119168	103884	54282	7292
108700	911750	49792	89288	146993	119168	103884	54282	7292
108700	911750	49792	89288	146993	119168	103884	54282	7292
108700	911750	49792	89288	146993	119168	103884	54282	7292
108700	911750	49792	89288	146993	119168	103884	54282	7292
108700	911750	49792	89288	146993	119168	103884	54282	7292
108700	911750	49792	89288	146993	119168	103884	54282	7292
109636	418050	56422	19152	27228	43439	21677	7046	2964
109636	418050	56422	19152	27228	43439	21677	7046	2964
109636	418050	56422	19152	27228	43439	21677	7046	2964
109636	418050	56422	19152	27228	43439	21677	7046	2964
109636	418050	56422	19152	27228	43439	21677	7046	2964
109636	418050	56422	19152	27228	43439	21677	7046	2964
109636	418050	56422	19152	27228	43439	21677	7046	2964
109636	418050	56422	19152	27228	43439	21677	7046	2964
110664	1088453	57829	31410	2871	3723	2673	584	361
110664	1088453	57829	31410	2871	3723	2673	584	361
110664	1088453	57829	31410	2871	3723	2673	584	361
110664	1088453	57829	31410	2871	3723	2673	584	361
110664	1088453	57829	31410	2871	3723	2673	584	361
110664	1088453	57829	31410	2871	3723	2673	584	361
110664	1088453	57829	31410	2871	3723	2673	584	361
110664	1088453	57829	31410	2871	3723	2673	584	361
111609	198560	33094	19037	4402	11227	2281	970	297
111609	198560	33094	19037	4402	11227	2281	970	297
111609	198560	33094	19037	4402	11227	2281	970	297
111609	198560	33094	19037	4402	11227	2281	970	297
111609	198560	33094	19037	4402	11227	2281	970	297
111609	198560	33094	19037	4402	11227	2281	970	297
111609	198560	33094	19037	4402	11227	2281	970	297
111609	198560	33094	19037	4402	11227	2281	970	297
112675	810694	122463	27169	24533	16091	8837	10999	3395
112675	810694	122463	27169	24533	16091	8837	10999	3395
112675	810694	122463	27169	24533	16091	8837	10999	3395
112675	810694	122463	27169	24533	16091	8837	10999	3395
112675	810694	122463	27169	24533	16091	8837	10999	3395
112675	810694	122463	27169	24533	16091	8837	10999	3395
112675	810694	122463	27169	24533	16091	8837	10999	3395
112675	810694	122463	27169	24533	16091	8837	10999	3395
113615	331304	61225	21083	17153	13212	6194	1394	386
113615	331304	61225	21083	17153	13212	6194	1394	386
113615	331304	61225	21083	17153	13212	6194	1394	386
113615	331304	61225	21083	17153	13212	6194	1394	386
113615	331304	61225	21083	17153	13212	6194	1394	386
113615	331304	61225	21083	17153	13212	6194	1394	386
113615	331304	61225	21083	17153	13212	6194	1394	386
113615	331304	61225	21083	17153	13212	6194	1394	386
114590	81028	23592	22353	14772	5436	5023	1869	1052
114590	81028	23592	22353	14772	5436	5023	1869	1052
114590	81028	23592	22353	14772	5436	5023	1869	1052
114590	81028	23592	22353	14772	5436	5023	1869	1052
114590	81028	23592	22353	14772	5436	5023	1869	1052
114590	81028	23592	22353	14772	5436	5023	1869	1052
114590	81028	23592	22353	14772	5436	5023	1869	1052
114590	81028	23592	22353	14772	5436	5023	1869	1052
115619	20286	146615	58774	13966	16983	9011	3835	3287
115619	20286	146615	58774	13966	16983	9011	3835	3287
115619	20286	146615	58774	13966	16983	9011	3835	3287
115619	20286	146615	58774	13966	16983	9011	3835	3287
115619	20286	146615	58774	13966	16983	9011	3835	3287
115619	20286	146615	58774	13966	16983	9011	3835	3287
115619	20286	146615	58774	13966	16983	9011	3835	3287
115619	20286	146615	58774	13966	16983	9011	3835	3287
116573	38416	18417	2692	1155	2933	310	195	191
116573	38416	18417	2692	1155	2933	310	195	191
116573	38416	18417	2692	1155	2933	310	195	191
116573	38416	18417	2692	1155	2933	310	195	191
116573	38416	18417	2692	1155	2933	310	195	191
116573	38416	18417	2692	1155	2933	310	195	191
116573	38416	18417	2692	1155	2933	310	195	191
116573	38416	18417	2692	1155	2933	310	195	191
117620	1563649	33898	7320	22038	27894	5271	1266	372
117620	1563649	33898	7320	22038	27894	5271	1266	372
117620	1563649	33898	7320	22038	27894	5271	1266	372
117620	1563649	33898	7320	22038	27894	5271	1266	372
117620	1563649	33898	7320	22038	27894	5271	1266	372
117620	1563649	33898	7320	22038	27894	5271	1266	372
117620	1563649	33898	7320	22038	27894	5271	1266	372
117620	1563649	33898	7320	22038	27894	5271	1266	372
118562	364777	59501	7891	8479	14635	15545	1680	902
118562	364777	59501	7891	8479	14635	15545	1680	902
118562	364777	59501	7891	8479	14635	15545	1680	902
118562	364777	59501	7891	8479	14635	15545	1680	902
118562	364777	59501	7891	8479	14635	15545	1680	902
118562	364777	59501	7891	8479	14635	15545	1680	902
118562	364777	59501	7891	8479	14635	15545	1680	902
118562	364777	59501	7891	8479	14635	15545	1680	902
119606	80227	101687	5856	2680	1143	2242	1927	725
119606	80227	101687	5856	2680	1143	2242	1927	725
119606	80227	101687	5856	2680	1143	2242	1927	725
119606	80227	101687	5856	2680	1143	2242	1927	725
119606	80227	101687	5856	2680	1143	2242	1927	725
119606	80227	101687	5856	2680	1143	2242	1927	725
119606	80227	101687	5856	2680	1143	2242	1927	725
119606	80227	101687	5856	2680	1143	2242	1927	725
120537	774863	282508	30770	21343	17535	43456	9071	2881
120537	774863	282508	30770	21343	17535	43456	9071	2881
120537	774863	282508	30770	21343	17535	43456	9071	2881
120537	774863	282508	30770	21343	17535	43456	9071	2881
120537	774863	282508	30770	21343	17535	43456	9071	2881
120537	774863	282508	30770	21343	17535	43456	9071	2881
120537	774863	282508	30770	21343	17535	43456	9071	2881
120537	774863	282508	30770	21343	17535	43456	9071	2881
121572	386066	354439	74792	29283	39163	66885	8193	3039
121572	386066	354439	74792	29283	39163	66885	8193	3039
121572	386066	354439	74792	29283	39163	66885	8193	3039
121572	386066	354439	74792	29283	39163	66885	8193	3039
121572	386066	354439	74792	29283	39163	66885	8193	3039
121572	386066	354439	74792	29283	39163	66885	8193	3039
121572	386066	354439	74792	29283	39163	66885	8193	3039
121572	386066	354439	74792	29283	39163	66885	8193	3039
122594	138306	29235	9585	4646	3646	9256	2118	372
122594	138306	29235	9585	4646	3646	9256	2118	372
122594	138306	29235	9585	4646	3646	9256	2118	372
122594	138306	29235	9585	4646	3646	9256	2118	372
122594	138306	29235	9585	4646	3646	9256	2118	372
122594	138306	29235	9585	4646	3646	9256	2118	372
122594	138306	29235	9585	4646	3646	9256	2118	372
122594	138306	29235	9585	4646	3646	9256	2118	372
123542	689558	83692	25922	8518	8365	3665	689	947
123542	689558	83692	25922	8518	8365	3665	689	947
123542	689558	83692	25922	8518	8365	3665	689	947
123542	689558	83692	25922	8518	8365	3665	689	947
123542	689558	83692	25922	8518	8365	3665	689	947
123542	689558	83692	25922	8518	8365	3665	689	947
123542	689558	83692	25922	8518	8365	3665	689	947
123542	689558	83692	25922	8518	8365	3665	689	947
124609	516887	249440	26813	4239	9789	12676	3578	2262
124609	516887	249440	26813	4239	9789	12676	3578	2262
124609	516887	249440	26813	4239	9789	12676	3578	2262
124609	516887	249440	26813	4239	9789	12676	3578	2262
124609	516887	249440	26813	4239	9789	12676	3578	2262
124609	516887	249440	26813	4239	9789	12676	3578	2262
124609	516887	249440	26813	4239	9789	12676	3578	2262
124609	516887	249440	26813	4239	9789	12676	3578	2262
125581	106255	124887	9633	3118	9117	20570	1253	2481
125581	106255	124887	9633	3118	9117	20570	1253	2481
125581	106255	124887	9633	3118	9117	20570	1253	2481
125581	106255	124887	9633	3118	9117	20570	1253	2481
125581	106255	124887	9633	3118	9117	20570	1253	2481
125581	106255	124887	9633	3118	9117	20570	1253	2481
125581	106255	124887	9633	3118	9117	20570	1253	2481
125581	106255	124887	9633	3118	9117	20570	1253	2481
126536	17111	67215	1885	2803	3043	2641	773	624
126536	17111	67215	1885	2803	3043	2641	773	624
126536	17111	67215	1885	2803	3043	2641	773	624
126536	17111	67215	1885	2803	3043	2641	773	624
126536	17111	67215	1885	2803	3043	2641	773	624
126536	17111	67215	1885	2803	3043	2641	773	624
126536	17111	67215	1885	2803	3043	2641	773	624
126536	17111	67215	1885	2803	3043	2641	773	624
127585	921921	134279	54020	53930	27837	18825	5283	5293
127585	921921	134279	54020	53930	27837	18825	5283	5293
127585	921921	134279	54020	53930	27837	18825	5283	5293
127585	921921	134279	54020	53930	27837	18825	5283	5293
127585	921921	134279	54020	53930	27837	18825	5283	5293
127585	921921	134279	54020	53930	27837	18825	5283	5293
127585	921921	134279	54020	53930	27837	18825	5283	5293
127585	921921	134279	54020	53930	27837	18825	5283	5293
128518	748719	389649	86788	15820	60631	21051	6501	2208
128518	748719	389649	86788	15820	60631	21051	6501	2208
128518	748719	389649	86788	15820	60631	21051	6501	2208
128518	748719	389649	86788	15820	60631	21051	6501	2208
128518	748719	389649	86788	15820	60631	21051	6501	2208
128518	748719	389649	86788	15820	60631	21051	6501	2208
128518	748719	389649	86788	15820	60631	21051	6501	2208
128518	748719	389649	86788	15820	60631	21051	6501	2208
129561	531173	294786	26821	29711	10455	9917	4691	2301
129561	531173	294786	26821	29711	10455	9917	4691	2301
129561	531173	294786	26821	29711	10455	9917	4691	2301
129561	531173	294786	26821	29711	10455	9917	4691	2301
129561	531173	294786	26821	29711	10455	9917	4691	2301
129561	531173	294786	26821	29711	10455	9917	4691	2301
129561	531173	294786	26821	29711	10455	9917	4691	2301
129561	531173	294786	26821	29711	10455	9917	4691	2301
130504	267700	194473	47539	39528	10378	7337	3066	1176
130504	267700	194473	47539	39528	10378	7337	3066	1176
130504	267700	194473	47539	39528	10378	7337	3066	1176
130504	267700	194473	47539	39528	10378	7337	3066	1176
130504	267700	194473	47539	39528	10378	7337	3066	1176
130504	267700	194473	47539	39528	10378	7337	3066	1176
130504	267700	194473	47539	39528	10378	7337	3066	1176
130504	267700	194473	47539	39528	10378	7337	3066	1176
131539	585863	95333	15894	3350	3341	3937	1127	1078
131539	585863	95333	15894	3350	3341	3937	1127	1078
131539	585863	95333	15894	3350	3341	3937	1127	1078
131539	585863	95333	15894	3350	3341	3937	1127	1078
131539	585863	95333	15894	3350	3341	3937	1127	1078
131539	585863	95333	15894	3350	3341	3937	1127	1078
131539	585863	95333	15894	3350	3341	3937	1127	1078
131539	585863	95333	15894	3350	3341	3937	1127	1078
132484	319800	28046	1716	3253	4269	1918	1274	614
132484	319800	28046	1716	3253	4269	1918	1274	614
132484	319800	28046	1716	3253	4269	1918	1274	614
132484	319800	28046	1716	3253	4269	1918	1274	614
132484	319800	28046	1716	3253	4269	1918	1274	614
132484	319800	28046	1716	3253	4269	1918	1274	614
132484	319800	28046	1716	3253	4269	1918	1274	614
132484	319800	28046	1716	3253	4269	1918	1274	614
133498	47462	94050	11592	11664	30734	8290	1869	2792
133498	47462	94050	11592	11664	30734	8290	1869	2792
133498	47462	94050	11592	11664	30734	8290	1869	2792
133498	47462	94050	11592	11664	30734	8290	1869	2792
133498	47462	94050	11592	11664	30734	8290	1869	2792
133498	47462	94050	11592	11664	30734	8290	1869	2792
133498	47462	94050	11592	11664	30734	8290	1869	2792
133498	47462	94050	11592	11664	30734	8290	1869	2792
134548	245609	221026	47559	15481	3582	11153	1074	1486
134548	245609	221026	47559	15481	3582	11153	1074	1486
134548	245609	221026	47559	15481	3582	11153	1074	1486
134548	245609	221026	47559	15481	3582	11153	1074	1486
134548	245609	221026	47559	15481	3582	11153	1074	1486
134548	245609	221026	47559	15481	3582	11153	1074	1486
134548	245609	221026	47559	15481	3582	11153	1074	1486
134548	245609	221026	47559	15481	3582	11153	1074	1486
135500	456796	152398	67857	6028	15667	10824	1778	2986
135500	456796	152398	67857	6028	15667	10824	1778	2986
135500	456796	152398	67857	6028	15667	10824	1778	2986
135500	456796	152398	67857	6028	15667	10824	1778	2986
135500	456796	152398	67857	6028	15667	10824	1778	2986
135500	456796	152398	67857	6028	15667	10824	1778	2986
135500	456796	152398	67857	6028	15667	10824	1778	2986
135500	456796	152398	67857	6028	15667	10824	1778	2986
136439	137654	110348	84119	43794	7198	14398	2020	1491
136439	137654	110348	84119	43794	7198	14398	2020	1491
136439	137654	110348	84119	43794	7198	14398	2020	1491
136439	137654	110348	84119	43794	7198	14398	2020	1491
136439	137654	110348	84119	43794	7198	14398	2020	1491
136439	137654	110348	84119	43794	7198	14398	2020	1491
136439	137654	110348	84119	43794	7198	14398	2020	1491
136439	137654	110348	84119	43794	7198	14398	2020	1491
137486	89637	121385	20040	9239	9338	3533	1980	801
137486	89637	121385	20040	9239	9338	3533	1980	801
137486	89637	121385	20040	9239	9338	3533	1980	801
137486	89637	121385	20040	9239	9338	3533	1980	801
137486	89637	121385	20040	9239	9338	3533	1980	801
137486	89637	121385	20040	9239	9338	3533	1980	801
137486	89637	121385	20040	9239	9338	3533	1980	801
137486	89637	121385	20040	9239	9338	3533	1980	801
138423	156145	63903	47940	17623	30770	22136	2769	2984
138423	156145	63903	47940	17623	30770	22136	2769	2984
138423	156145	63903	47940	17623	30770	22136	2769	2984
138423	156145	63903	47940	17623	30770	22136	2769	2984
138423	156145	63903	47940	17623	30770	22136	2769	2984
138423	156145	63903	47940	17623	30770	22136	2769	2984
138423	156145	63903	47940	17623	30770	22136	2769	2984
138423	156145	63903	47940	17623	30770	22136	2769	2984
139478	256021	33373	13020	4596	2610	1891	721	253
139478	256021	33373	13020	4596	2610	1891	721	253
139478	256021	33373	13020	4596	2610	1891	721	253
139478	256021	33373	13020	4596	2610	1891	721	253
139478	256021	33373	13020	4596	2610	1891	721	253
139478	256021	33373	13020	4596	2610	1891	721	253
139478	256021	33373	13020	4596	2610	1891	721	253
139478	256021	33373	13020	4596	2610	1891	721	253
140512	134248	67857	7331	5082	6532	3263	1359	311
140512	134248	67857	7331	5082	6532	3263	1359	311
140512	134248	67857	7331	5082	6532	3263	1359	311
140512	134248	67857	7331	5082	6532	3263	1359	311
140512	134248	67857	7331	5082	6532	3263	1359	311
140512	134248	67857	7331	5082	6532	3263	1359	311
140512	134248	67857	7331	5082	6532	3263	1359	311
140512	134248	67857	7331	5082	6532	3263	1359	311
141456	55923	51973	8580	5954	6381	4381	1802	942
141456	55923	51973	8580	5954	6381	4381	1802	942
141456	55923	51973	8580	5954	6381	4381	1802	942
141456	55923	51973	8580	5954	6381	4381	1802	942
141456	55923	51973	8580	5954	6381	4381	1802	942
141456	55923	51973	8580	5954	6381	4381	1802	942
141456	55923	51973	8580	5954	6381	4381	1802	942
141456	55923	51973	8580	5954	6381	4381	1802	942
142512	114074	138632	23989	26924	23491	8052	2815	1464
142512	114074	138632	23989	26924	23491	8052	2815	1464
142512	114074	138632	23989	26924	23491	8052	2815	1464
142512	114074	138632	23989	26924	23491	8052	2815	1464
142512	114074	138632	23989	26924	23491	8052	2815	1464
142512	114074	138632	23989	26924	23491	8052	2815	1464
142512	114074	138632	23989	26924	23491	8052	2815	1464
142512	114074	138632	23989	26924	23491	8052	2815	1464
143447	173561	290615	17139	21626	20702	8874	4356	1698
143447	173561	290615	17139	21626	20702	8874	4356	1698
143447	173561	290615	17139	21626	20702	8874	4356	1698
143447	173561	290615	17139	21626	20702	8874	4356	1698
143447	173561	290615	17139	21626	20702	8874	4356	1698
143447	173561	290615	17139	21626	20702	8874	4356	1698
143447	173561	290615	17139	21626	20702	8874	4356	1698
143447	173561	290615	17139	21626	20702	8874	4356	1698
144475	53330	192408	41271	24728	18437	9005	8835	2223
144475	53330	192408	41271	24728	18437	9005	8835	2223
144475	53330	192408	41271	24728	18437	9005	8835	2223
144475	53330	192408	41271	24728	18437	9005	8835	2223
144475	53330	192408	41271	24728	18437	9005	8835	2223
144475	53330	192408	41271	24728	18437	9005	8835	2223
144475	53330	192408	41271	24728	18437	9005	8835	2223
144475	53330	192408	41271	24728	18437	9005	8835	2223
146440	375233	87534	17220	15335	17241	16110	3025	2454
146440	375233	87534	17220	15335	17241	16110	3025	2454
146440	375233	87534	17220	15335	17241	16110	3025	2454
146440	375233	87534	17220	15335	17241	16110	3025	2454
146440	375233	87534	17220	15335	17241	16110	3025	2454
146440	375233	87534	17220	15335	17241	16110	3025	2454
146440	375233	87534	17220	15335	17241	16110	3025	2454
146440	375233	87534	17220	15335	17241	16110	3025	2454
147378	384676	449648	16178	38774	18929	37140	2522	3133
147378	384676	449648	16178	38774	18929	37140	2522	3133
147378	384676	449648	16178	38774	18929	37140	2522	3133
147378	384676	449648	16178	38774	18929	37140	2522	3133
147378	384676	449648	16178	38774	18929	37140	2522	3133
147378	384676	449648	16178	38774	18929	37140	2522	3133
147378	384676	449648	16178	38774	18929	37140	2522	3133
147378	384676	449648	16178	38774	18929	37140	2522	3133
148406	106831	45516	11979	6863	5875	3222	1333	533
148406	106831	45516	11979	6863	5875	3222	1333	533
148406	106831	45516	11979	6863	5875	3222	1333	533
148406	106831	45516	11979	6863	5875	3222	1333	533
148406	106831	45516	11979	6863	5875	3222	1333	533
148406	106831	45516	11979	6863	5875	3222	1333	533
148406	106831	45516	11979	6863	5875	3222	1333	533
148406	106831	45516	11979	6863	5875	3222	1333	533
149444	102800	75520	12264	12997	8234	11228	2277	958
149444	102800	75520	12264	12997	8234	11228	2277	958
149444	102800	75520	12264	12997	8234	11228	2277	958
149444	102800	75520	12264	12997	8234	11228	2277	958
149444	102800	75520	12264	12997	8234	11228	2277	958
149444	102800	75520	12264	12997	8234	11228	2277	958
149444	102800	75520	12264	12997	8234	11228	2277	958
149444	102800	75520	12264	12997	8234	11228	2277	958
150387	185323	52737	5830	9687	3210	5942	644	522
150387	185323	52737	5830	9687	3210	5942	644	522
150387	185323	52737	5830	9687	3210	5942	644	522
150387	185323	52737	5830	9687	3210	5942	644	522
150387	185323	52737	5830	9687	3210	5942	644	522
150387	185323	52737	5830	9687	3210	5942	644	522
150387	185323	52737	5830	9687	3210	5942	644	522
150387	185323	52737	5830	9687	3210	5942	644	522
151440	570029	199119	54111	25686	83868	20287	1642	2508
151440	570029	199119	54111	25686	83868	20287	1642	2508
151440	570029	199119	54111	25686	83868	20287	1642	2508
151440	570029	199119	54111	25686	83868	20287	1642	2508
151440	570029	199119	54111	25686	83868	20287	1642	2508
151440	570029	199119	54111	25686	83868	20287	1642	2508
151440	570029	199119	54111	25686	83868	20287	1642	2508
151440	570029	199119	54111	25686	83868	20287	1642	2508
152373	198530	326376	4012	35383	22264	16352	5269	1681
152373	198530	326376	4012	35383	22264	16352	5269	1681
152373	198530	326376	4012	35383	22264	16352	5269	1681
152373	198530	326376	4012	35383	22264	16352	5269	1681
152373	198530	326376	4012	35383	22264	16352	5269	1681
152373	198530	326376	4012	35383	22264	16352	5269	1681
152373	198530	326376	4012	35383	22264	16352	5269	1681
152373	198530	326376	4012	35383	22264	16352	5269	1681
153406	826636	1940609	122853	311497	120708	534631	15743	7224
153406	826636	1940609	122853	311497	120708	534631	15743	7224
153407	826636	1940609	122853	311497	120708	534631	15743	7224
153407	826636	1940609	122853	311497	120708	534631	15743	7224
153407	826636	1940609	122853	311497	120708	534631	15743	7224
153407	826636	1940609	122853	311497	120708	534631	15743	7224
153407	826636	1940609	122853	311497	120708	534631	15743	7224
153407	826636	1940609	122853	311497	120708	534631	15743	7224
154346	1262751	95778	40065	63045	17514	55690	6422	2831
154346	1262751	95778	40065	63045	17514	55690	6422	2831
154346	1262751	95778	40065	63045	17514	55690	6422	2831
154346	1262751	95778	40065	63045	17514	55690	6422	2831
154346	1262751	95778	40065	63045	17514	55690	6422	2831
154346	1262751	95778	40065	63045	17514	55690	6422	2831
154346	1262751	95778	40065	63045	17514	55690	6422	2831
154346	1262751	95778	40065	63045	17514	55690	6422	2831
155397	1288062	751451	598684	363530	336479	233163	19556	1952
155397	1288062	751451	598684	363530	336479	233163	19556	1952
155397	1288062	751451	598684	363530	336479	233163	19556	1952
155397	1288062	751451	598684	363530	336479	233163	19556	1952
155397	1288062	751451	598684	363530	336479	233163	19556	1952
155397	1288062	751451	598684	363530	336479	233163	19556	1952
155397	1288062	751451	598684	363530	336479	233163	19556	1952
155397	1288062	751451	598684	363530	336479	233163	19556	1952
156324	945028	402282	243708	24961	92317	59659	9040	9671
156324	945028	402282	243708	24961	92317	59659	9040	9671
156324	945028	402282	243708	24961	92317	59659	9040	9671
156324	945028	402282	243708	24961	92317	59659	9040	9671
156324	945028	402282	243708	24961	92317	59659	9040	9671
156324	945028	402282	243708	24961	92317	59659	9040	9671
156324	945028	402282	243708	24961	92317	59659	9040	9671
156324	945028	402282	243708	24961	92317	59659	9040	9671
157363	942239	65116	38894	23704	38210	11007	10426	1253
157363	942239	65116	38894	23704	38210	11007	10426	1253
157363	942239	65116	38894	23704	38210	11007	10426	1253
157363	942239	65116	38894	23704	38210	11007	10426	1253
157363	942239	65116	38894	23704	38210	11007	10426	1253
157363	942239	65116	38894	23704	38210	11007	10426	1253
157363	942239	65116	38894	23704	38210	11007	10426	1253
157363	942239	65116	38894	23704	38210	11007	10426	1253
158316	1517543	135225	93801	12520	23829	17475	13232	3072
158316	1517543	135225	93801	12520	23829	17475	13232	3072
158316	1517543	135225	93801	12520	23829	17475	13232	3072
158316	1517543	135225	93801	12520	23829	17475	13232	3072
158316	1517543	135225	93801	12520	23829	17475	13232	3072
158316	1517543	135225	93801	12520	23829	17475	13232	3072
158316	1517543	135225	93801	12520	23829	17475	13232	3072
158316	1517543	135225	93801	12520	23829	17475	13232	3072
159366	67781	26655	3623	3599	7069	1829	398	232
159366	67781	26655	3623	3599	7069	1829	398	232
159366	67781	26655	3623	3599	7069	1829	398	232
159366	67781	26655	3623	3599	7069	1829	398	232
159366	67781	26655	3623	3599	7069	1829	398	232
159366	67781	26655	3623	3599	7069	1829	398	232
159366	67781	26655	3623	3599	7069	1829	398	232
159366	67781	26655	3623	3599	7069	1829	398	232
160310	134445	45220	34019	7359	15289	9769	1059	757
160310	134445	45220	34019	7359	15289	9769	1059	757
160310	134445	45220	34019	7359	15289	9769	1059	757
160310	134445	45220	34019	7359	15289	9769	1059	757
160310	134445	45220	34019	7359	15289	9769	1059	757
160310	134445	45220	34019	7359	15289	9769	1059	757
160310	134445	45220	34019	7359	15289	9769	1059	757
160310	134445	45220	34019	7359	15289	9769	1059	757
161366	189105	93682	17582	2117	4132	4861	1167	736
161366	189105	93682	17582	2117	4132	4861	1167	736
161366	189105	93682	17582	2117	4132	4861	1167	736
161366	189105	93682	17582	2117	4132	4861	1167	736
161366	189105	93682	17582	2117	4132	4861	1167	736
161366	189105	93682	17582	2117	4132	4861	1167	736
161366	189105	93682	17582	2117	4132	4861	1167	736
161366	189105	93682	17582	2117	4132	4861	1167	736
162306	298255	77429	1977	12994	21961	23746	5144	2873
162306	298255	77429	1977	12994	21961	23746	5144	2873
162306	298255	77429	1977	12994	21961	23746	5144	2873
162306	298255	77429	1977	12994	21961	23746	5144	2873
162306	298255	77429	1977	12994	21961	23746	5144	2873
162306	298255	77429	1977	12994	21961	23746	5144	2873
162306	298255	77429	1977	12994	21961	23746	5144	2873
162306	298255	77429	1977	12994	21961	23746	5144	2873
163353	1554696	24231	10528	7542	3344	2246	639	866
163353	1554696	24231	10528	7542	3344	2246	639	866
163353	1554696	24231	10528	7542	3344	2246	639	866
163353	1554696	24231	10528	7542	3344	2246	639	866
163353	1554696	24231	10528	7542	3344	2246	639	866
163353	1554696	24231	10528	7542	3344	2246	639	866
163353	1554696	24231	10528	7542	3344	2246	639	866
163353	1554696	24231	10528	7542	3344	2246	639	866
164273	110787	31163	15338	9928	3566	1469	1536	803
164273	110787	31163	15338	9928	3566	1469	1536	803
164273	110787	31163	15338	9928	3566	1469	1536	803
164273	110787	31163	15338	9928	3566	1469	1536	803
164273	110787	31163	15338	9928	3566	1469	1536	803
164273	110787	31163	15338	9928	3566	1469	1536	803
164273	110787	31163	15338	9928	3566	1469	1536	803
164273	110787	31163	15338	9928	3566	1469	1536	803
165305	184918	71092	30864	27438	11745	11595	2398	3856
165305	184918	71092	30864	27438	11745	11595	2398	3856
165305	184918	71092	30864	27438	11745	11595	2398	3856
165305	184918	71092	30864	27438	11745	11595	2398	3856
165305	184918	71092	30864	27438	11745	11595	2398	3856
165305	184918	71092	30864	27438	11745	11595	2398	3856
165305	184918	71092	30864	27438	11745	11595	2398	3856
165305	184918	71092	30864	27438	11745	11595	2398	3856
166264	121204	313842	25087	7236	7538	5988	5286	4284
166264	121204	313842	25087	7236	7538	5988	5286	4284
166264	121204	313842	25087	7236	7538	5988	5286	4284
166264	121204	313842	25087	7236	7538	5988	5286	4284
166264	121204	313842	25087	7236	7538	5988	5286	4284
166264	121204	313842	25087	7236	7538	5988	5286	4284
166264	121204	313842	25087	7236	7538	5988	5286	4284
166264	121204	313842	25087	7236	7538	5988	5286	4284
167275	372037	85997	53527	17927	21967	12871	4748	3323
167275	372037	85997	53527	17927	21967	12871	4748	3323
167275	372037	85997	53527	17927	21967	12871	4748	3323
167275	372037	85997	53527	17927	21967	12871	4748	3323
167275	372037	85997	53527	17927	21967	12871	4748	3323
167275	372037	85997	53527	17927	21967	12871	4748	3323
167275	372037	85997	53527	17927	21967	12871	4748	3323
167275	372037	85997	53527	17927	21967	12871	4748	3323
168313	83299	237677	14346	52356	23076	9630	3651	1474
168313	83299	237677	14346	52356	23076	9630	3651	1474
168313	83299	237677	14346	52356	23076	9630	3651	1474
168313	83299	237677	14346	52356	23076	9630	3651	1474
168313	83299	237677	14346	52356	23076	9630	3651	1474
168313	83299	237677	14346	52356	23076	9630	3651	1474
168313	83299	237677	14346	52356	23076	9630	3651	1474
168313	83299	237677	14346	52356	23076	9630	3651	1474
169277	1529838	181731	54194	75126	60832	90649	25320	9722
169277	1529838	181731	54194	75126	60832	90649	25320	9722
169277	1529838	181731	54194	75126	60832	90649	25320	9722
169277	1529838	181731	54194	75126	60832	90649	25320	9722
169277	1529838	181731	54194	75126	60832	90649	25320	9722
169277	1529838	181731	54194	75126	60832	90649	25320	9722
169277	1529838	181731	54194	75126	60832	90649	25320	9722
169277	1529838	181731	54194	75126	60832	90649	25320	9722
170304	528315	67906	46560	42294	12954	30587	5399	1485
170304	528315	67906	46560	42294	12954	30587	5399	1485
170304	528315	67906	46560	42294	12954	30587	5399	1485
170304	528315	67906	46560	42294	12954	30587	5399	1485
170304	528315	67906	46560	42294	12954	30587	5399	1485
170304	528315	67906	46560	42294	12954	30587	5399	1485
170304	528315	67906	46560	42294	12954	30587	5399	1485
170304	528315	67906	46560	42294	12954	30587	5399	1485
171312	2983901	120487	26634	14119	9855	4948	1685	1098
171312	2983901	120487	26634	14119	9855	4948	1685	1098
171312	2983901	120487	26634	14119	9855	4948	1685	1098
171312	2983901	120487	26634	14119	9855	4948	1685	1098
171312	2983901	120487	26634	14119	9855	4948	1685	1098
171312	2983901	120487	26634	14119	9855	4948	1685	1098
171312	2983901	120487	26634	14119	9855	4948	1685	1098
171312	2983901	120487	26634	14119	9855	4948	1685	1098
172298	120883	21389	6674	6231	10588	4043	2066	294
172298	120883	21389	6674	6231	10588	4043	2066	294
172298	120883	21389	6674	6231	10588	4043	2066	294
172298	120883	21389	6674	6231	10588	4043	2066	294
172298	120883	21389	6674	6231	10588	4043	2066	294
172298	120883	21389	6674	6231	10588	4043	2066	294
172298	120883	21389	6674	6231	10588	4043	2066	294
172298	120883	21389	6674	6231	10588	4043	2066	294
173214	63066	120669	31931	10740	26893	5485	2970	3166
173214	63066	120669	31931	10740	26893	5485	2970	3166
173214	63066	120669	31931	10740	26893	5485	2970	3166
173214	63066	120669	31931	10740	26893	5485	2970	3166
173214	63066	120669	31931	10740	26893	5485	2970	3166
173214	63066	120669	31931	10740	26893	5485	2970	3166
173214	63066	120669	31931	10740	26893	5485	2970	3166
173214	63066	120669	31931	10740	26893	5485	2970	3166
174247	530814	61975	53667	18864	22684	24151	6832	3658
174247	530814	61975	53667	18864	22684	24151	6832	3658
174247	530814	61975	53667	18864	22684	24151	6832	3658
174247	530814	61975	53667	18864	22684	24151	6832	3658
174247	530814	61975	53667	18864	22684	24151	6832	3658
174247	530814	61975	53667	18864	22684	24151	6832	3658
174247	530814	61975	53667	18864	22684	24151	6832	3658
174247	530814	61975	53667	18864	22684	24151	6832	3658
175302	405636	138761	84720	24951	51003	11828	8976	2156
175302	405636	138761	84720	24951	51003	11828	8976	2156
175302	405636	138761	84720	24951	51003	11828	8976	2156
175302	405636	138761	84720	24951	51003	11828	8976	2156
175302	405636	138761	84720	24951	51003	11828	8976	2156
175302	405636	138761	84720	24951	51003	11828	8976	2156
175302	405636	138761	84720	24951	51003	11828	8976	2156
175302	405636	138761	84720	24951	51003	11828	8976	2156
176240	1040007	50414	54084	5911	2174	5878	2675	875
176240	1040007	50414	54084	5911	2174	5878	2675	875
176240	1040007	50414	54084	5911	2174	5878	2675	875
176240	1040007	50414	54084	5911	2174	5878	2675	875
176240	1040007	50414	54084	5911	2174	5878	2675	875
176240	1040007	50414	54084	5911	2174	5878	2675	875
176240	1040007	50414	54084	5911	2174	5878	2675	875
176240	1040007	50414	54084	5911	2174	5878	2675	875
177271	982051	24895	3184	29565	9179	10734	2430	1468
177271	982051	24895	3184	29565	9179	10734	2430	1468
177271	982051	24895	3184	29565	9179	10734	2430	1468
177271	982051	24895	3184	29565	9179	10734	2430	1468
177271	982051	24895	3184	29565	9179	10734	2430	1468
177271	982051	24895	3184	29565	9179	10734	2430	1468
177271	982051	24895	3184	29565	9179	10734	2430	1468
177271	982051	24895	3184	29565	9179	10734	2430	1468
178219	133633	11629	4024	3199	1721	727	470	240
178219	133633	11629	4024	3199	1721	727	470	240
178219	133633	11629	4024	3199	1721	727	470	240
178219	133633	11629	4024	3199	1721	727	470	240
178219	133633	11629	4024	3199	1721	727	470	240
178219	133633	11629	4024	3199	1721	727	470	240
178219	133633	11629	4024	3199	1721	727	470	240
178219	133633	11629	4024	3199	1721	727	470	240
179263	1415090	80483	128323	66640	25389	27126	6966	3057
179263	1415090	80483	128323	66640	25389	27126	6966	3057
179263	1415090	80483	128323	66640	25389	27126	6966	3057
179263	1415090	80483	128323	66640	25389	27126	6966	3057
179263	1415090	80483	128323	66640	25389	27126	6966	3057
179263	1415090	80483	128323	66640	25389	27126	6966	3057
179263	1415090	80483	128323	66640	25389	27126	6966	3057
179263	1415090	80483	128323	66640	25389	27126	6966	3057
180197	971195	54083	3828	3976	12620	12894	16777	2285
180197	971195	54083	3828	3976	12620	12894	16777	2285
180197	971195	54083	3828	3976	12620	12894	16777	2285
180197	971195	54083	3828	3976	12620	12894	16777	2285
180197	971195	54083	3828	3976	12620	12894	16777	2285
180197	971195	54083	3828	3976	12620	12894	16777	2285
180197	971195	54083	3828	3976	12620	12894	16777	2285
180197	971195	54083	3828	3976	12620	12894	16777	2285
181246	1611854	62753	23461	49114	38056	33158	25875	3710
181246	1611854	62753	23461	49114	38056	33158	25875	3710
181246	1611854	62753	23461	49114	38056	33158	25875	3710
181246	1611854	62753	23461	49114	38056	33158	25875	3710
181246	1611854	62753	23461	49114	38056	33158	25875	3710
181246	1611854	62753	23461	49114	38056	33158	25875	3710
181246	1611854	62753	23461	49114	38056	33158	25875	3710
181246	1611854	62753	23461	49114	38056	33158	25875	3710
182212	143256	22424	7253	10751	3804	6940	669	392
182212	143256	22424	7253	10751	3804	6940	669	392
182212	143256	22424	7253	10751	3804	6940	669	392
182212	143256	22424	7253	10751	3804	6940	669	392
182212	143256	22424	7253	10751	3804	6940	669	392
182212	143256	22424	7253	10751	3804	6940	669	392
182212	143256	22424	7253	10751	3804	6940	669	392
182212	143256	22424	7253	10751	3804	6940	669	392
183248	778948	199019	49362	59743	51978	9869	3052	2090
183248	778948	199019	49362	59743	51978	9869	3052	2090
183248	778948	199019	49362	59743	51978	9869	3052	2090
183248	778948	199019	49362	59743	51978	9869	3052	2090
183248	778948	199019	49362	59743	51978	9869	3052	2090
183248	778948	199019	49362	59743	51978	9869	3052	2090
183248	778948	199019	49362	59743	51978	9869	3052	2090
183248	778948	199019	49362	59743	51978	9869	3052	2090
184190	529728	249815	56447	54267	51834	57839	14180	3298
184190	529728	249815	56447	54267	51834	57839	14180	3298
184190	529728	249815	56447	54267	51834	57839	14180	3298
184190	529728	249815	56447	54267	51834	57839	14180	3298
184190	529728	249815	56447	54267	51834	57839	14180	3298
184190	529728	249815	56447	54267	51834	57839	14180	3298
184190	529728	249815	56447	54267	51834	57839	14180	3298
184190	529728	249815	56447	54267	51834	57839	14180	3298
185218	863295	55287	24033	3972	23314	19308	4289	1955
185218	863295	55287	24033	3972	23314	19308	4289	1955
185218	863295	55287	24033	3972	23314	19308	4289	1955
185218	863295	55287	24033	3972	23314	19308	4289	1955
185218	863295	55287	24033	3972	23314	19308	4289	1955
185218	863295	55287	24033	3972	23314	19308	4289	1955
185218	863295	55287	24033	3972	23314	19308	4289	1955
185218	863295	55287	24033	3972	23314	19308	4289	1955
186189	284577	140326	123165	41104	72090	10450	4701	4853
186189	284577	140326	123165	41104	72090	10450	4701	4853
186189	284577	140326	123165	41104	72090	10450	4701	4853
186189	284577	140326	123165	41104	72090	10450	4701	4853
186189	284577	140326	123165	41104	72090	10450	4701	4853
186189	284577	140326	123165	41104	72090	10450	4701	4853
186189	284577	140326	123165	41104	72090	10450	4701	4853
186189	284577	140326	123165	41104	72090	10450	4701	4853
188166	399541	60470	20825	12396	25605	7069	2135	433
188166	399541	60470	20825	12396	25605	7069	2135	433
188166	399541	60470	20825	12396	25605	7069	2135	433
188166	399541	60470	20825	12396	25605	7069	2135	433
188166	399541	60470	20825	12396	25605	7069	2135	433
188166	399541	60470	20825	12396	25605	7069	2135	433
188166	399541	60470	20825	12396	25605	7069	2135	433
188166	399541	60470	20825	12396	25605	7069	2135	433
189202	616480	10474	7841	1122	962	487	100	36
189202	616480	10474	7841	1122	962	487	100	36
189202	616480	10474	7841	1122	962	487	100	36
189202	616480	10474	7841	1122	962	487	100	36
189202	616480	10474	7841	1122	962	487	100	36
189202	616480	10474	7841	1122	962	487	100	36
189202	616480	10474	7841	1122	962	487	100	36
189202	616480	10474	7841	1122	962	487	100	36
190152	1241152	6767	1929	5736	6521	857	204	217
190152	1241152	6767	1929	5736	6521	857	204	217
190152	1241152	6767	1929	5736	6521	857	204	217
190152	1241152	6767	1929	5736	6521	857	204	217
190152	1241152	6767	1929	5736	6521	857	204	217
190152	1241152	6767	1929	5736	6521	857	204	217
190152	1241152	6767	1929	5736	6521	857	204	217
190152	1241152	6767	1929	5736	6521	857	204	217
191183	122224	91567	20822	45787	38493	27068	5757	1737
191183	122224	91567	20822	45787	38493	27068	5757	1737
191183	122224	91567	20822	45787	38493	27068	5757	1737
191183	122224	91567	20822	45787	38493	27068	5757	1737
191183	122224	91567	20822	45787	38493	27068	5757	1737
191183	122224	91567	20822	45787	38493	27068	5757	1737
191183	122224	91567	20822	45787	38493	27068	5757	1737
191183	122224	91567	20822	45787	38493	27068	5757	1737
192121	351319	52889	19021	7149	5748	2123	1155	1445
192121	351319	52889	19021	7149	5748	2123	1155	1445
192121	351319	52889	19021	7149	5748	2123	1155	1445
192121	351319	52889	19021	7149	5748	2123	1155	1445
192121	351319	52889	19021	7149	5748	2123	1155	1445
192121	351319	52889	19021	7149	5748	2123	1155	1445
192121	351319	52889	19021	7149	5748	2123	1155	1445
192121	351319	52889	19021	7149	5748	2123	1155	1445
193142	115023	273961	3646	40401	9317	9928	3687	1600
193142	115023	273961	3646	40401	9317	9928	3687	1600
193142	115023	273961	3646	40401	9317	9928	3687	1600
193142	115023	273961	3646	40401	9317	9928	3687	1600
193142	115023	273961	3646	40401	9317	9928	3687	1600
193142	115023	273961	3646	40401	9317	9928	3687	1600
193142	115023	273961	3646	40401	9317	9928	3687	1600
193142	115023	273961	3646	40401	9317	9928	3687	1600
194188	252644	24410	8670	1851	880	1605	299	113
194188	252644	24410	8670	1851	880	1605	299	113
194188	252644	24410	8670	1851	880	1605	299	113
194188	252644	24410	8670	1851	880	1605	299	113
194188	252644	24410	8670	1851	880	1605	299	113
194188	252644	24410	8670	1851	880	1605	299	113
194188	252644	24410	8670	1851	880	1605	299	113
194188	252644	24410	8670	1851	880	1605	299	113
195128	262704	236341	84663	8888	17492	24587	6574	1921
195128	262704	236341	84663	8888	17492	24587	6574	1921
195128	262704	236341	84663	8888	17492	24587	6574	1921
195128	262704	236341	84663	8888	17492	24587	6574	1921
195128	262704	236341	84663	8888	17492	24587	6574	1921
195128	262704	236341	84663	8888	17492	24587	6574	1921
195128	262704	236341	84663	8888	17492	24587	6574	1921
195128	262704	236341	84663	8888	17492	24587	6574	1921
196152	341597	30938	2284	7107	5361	2948	1603	2001
196152	341597	30938	2284	7107	5361	2948	1603	2001
196152	341597	30938	2284	7107	5361	2948	1603	2001
196152	341597	30938	2284	7107	5361	2948	1603	2001
196152	341597	30938	2284	7107	5361	2948	1603	2001
196152	341597	30938	2284	7107	5361	2948	1603	2001
196152	341597	30938	2284	7107	5361	2948	1603	2001
196152	341597	30938	2284	7107	5361	2948	1603	2001
197170	1273997	112836	32818	28384	23641	47341	34717	5158
197170	1273997	112836	32818	28384	23641	47341	34717	5158
197170	1273997	112836	32818	28384	23641	47341	34717	5158
197170	1273997	112836	32818	28384	23641	47341	34717	5158
197170	1273997	112836	32818	28384	23641	47341	34717	5158
197170	1273997	112836	32818	28384	23641	47341	34717	5158
197170	1273997	112836	32818	28384	23641	47341	34717	5158
197170	1273997	112836	32818	28384	23641	47341	34717	5158
198089	91423	161509	72925	20519	19168	16883	6116	1184
198089	91423	161509	72925	20519	19168	16883	6116	1184
198089	91423	161509	72925	20519	19168	16883	6116	1184
198089	91423	161509	72925	20519	19168	16883	6116	1184
198089	91423	161509	72925	20519	19168	16883	6116	1184
198090	91423	161509	72925	20519	19168	16883	6116	1184
198090	91423	161509	72925	20519	19168	16883	6116	1184
198090	91423	161509	72925	20519	19168	16883	6116	1184
199116	877055	85888	17746	29228	20560	7202	5458	4900
199116	877055	85888	17746	29228	20560	7202	5458	4900
199116	877055	85888	17746	29228	20560	7202	5458	4900
199116	877055	85888	17746	29228	20560	7202	5458	4900
199116	877055	85888	17746	29228	20560	7202	5458	4900
199116	877055	85888	17746	29228	20560	7202	5458	4900
199117	877055	85888	17746	29228	20560	7202	5458	4900
199117	877055	85888	17746	29228	20560	7202	5458	4900
200077	330578	15764	8037	10373	11427	8067	4840	783
200077	330578	15764	8037	10373	11427	8067	4840	783
200077	330578	15764	8037	10373	11427	8067	4840	783
200077	330578	15764	8037	10373	11427	8067	4840	783
200077	330578	15764	8037	10373	11427	8067	4840	783
200077	330578	15764	8037	10373	11427	8067	4840	783
200077	330578	15764	8037	10373	11427	8067	4840	783
200077	330578	15764	8037	10373	11427	8067	4840	783
201099	1906471	72062	33878	15461	9272	15793	10179	5022
201099	1906471	72062	33878	15461	9272	15793	10179	5022
201099	1906471	72062	33878	15461	9272	15793	10179	5022
201099	1906471	72062	33878	15461	9272	15793	10179	5022
201099	1906471	72062	33878	15461	9272	15793	10179	5022
201099	1906471	72062	33878	15461	9272	15793	10179	5022
201099	1906471	72062	33878	15461	9272	15793	10179	5022
201099	1906471	72062	33878	15461	9272	15793	10179	5022
202141	881966	89994	16369	13998	17057	8112	4818	8427
202141	881966	89994	16369	13998	17057	8112	4818	8427
202141	881966	89994	16369	13998	17057	8112	4818	8427
202141	881966	89994	16369	13998	17057	8112	4818	8427
202141	881966	89994	16369	13998	17057	8112	4818	8427
202141	881966	89994	16369	13998	17057	8112	4818	8427
202141	881966	89994	16369	13998	17057	8112	4818	8427
202141	881966	89994	16369	13998	17057	8112	4818	8427
203070	107522	67157	16112	20271	11914	9130	4548	1600
203070	107522	67157	16112	20271	11914	9130	4548	1600
203070	107522	67157	16112	20271	11914	9130	4548	1600
203070	107522	67157	16112	20271	11914	9130	4548	1600
203070	107522	67157	16112	20271	11914	9130	4548	1600
203070	107522	67157	16112	20271	11914	9130	4548	1600
203070	107522	67157	16112	20271	11914	9130	4548	1600
203070	107522	67157	16112	20271	11914	9130	4548	1600
204096	198414	30650	5642	4722	3515	2456	367	222
204096	198414	30650	5642	4722	3515	2456	367	222
204096	198414	30650	5642	4722	3515	2456	367	222
204096	198414	30650	5642	4722	3515	2456	367	222
204096	198414	30650	5642	4722	3515	2456	367	222
204096	198414	30650	5642	4722	3515	2456	367	222
204096	198414	30650	5642	4722	3515	2456	367	222
204096	198414	30650	5642	4722	3515	2456	367	222
205056	102453	107868	89716	13593	5604	15636	2142	1305
205056	102453	107868	89716	13593	5604	15636	2142	1305
205056	102453	107868	89716	13593	5604	15636	2142	1305
205056	102453	107868	89716	13593	5604	15636	2142	1305
205057	102453	107868	89716	13593	5604	15636	2142	1305
205057	102453	107868	89716	13593	5604	15636	2142	1305
205057	102453	107868	89716	13593	5604	15636	2142	1305
205057	102453	107868	89716	13593	5604	15636	2142	1305
206038	419635	117798	3516	34248	23382	11450	3693	1136
206038	419635	117798	3516	34248	23382	11450	3693	1136
206038	419635	117798	3516	34248	23382	11450	3693	1136
206038	419635	117798	3516	34248	23382	11450	3693	1136
206038	419635	117798	3516	34248	23382	11450	3693	1136
206038	419635	117798	3516	34248	23382	11450	3693	1136
206038	419635	117798	3516	34248	23382	11450	3693	1136
206038	419635	117798	3516	34248	23382	11450	3693	1136
207082	172647	25785	7751	3797	3720	1636	425	714
207082	172647	25785	7751	3797	3720	1636	425	714
207082	172647	25785	7751	3797	3720	1636	425	714
207082	172647	25785	7751	3797	3720	1636	425	714
207082	172647	25785	7751	3797	3720	1636	425	714
207082	172647	25785	7751	3797	3720	1636	425	714
207082	172647	25785	7751	3797	3720	1636	425	714
207082	172647	25785	7751	3797	3720	1636	425	714
208042	385426	106140	4978	4039	14782	5582	3153	2537
208042	385426	106140	4978	4039	14782	5582	3153	2537
208042	385426	106140	4978	4039	14782	5582	3153	2537
208042	385426	106140	4978	4039	14782	5582	3153	2537
208042	385426	106140	4978	4039	14782	5582	3153	2537
208042	385426	106140	4978	4039	14782	5582	3153	2537
208042	385426	106140	4978	4039	14782	5582	3153	2537
208042	385426	106140	4978	4039	14782	5582	3153	2537
209086	237714	243430	11465	3969	28826	16935	6659	1384
209086	237714	243430	11465	3969	28826	16935	6659	1384
209086	237714	243430	11465	3969	28826	16935	6659	1384
209086	237714	243430	11465	3969	28826	16935	6659	1384
209086	237714	243430	11465	3969	28826	16935	6659	1384
209086	237714	243430	11465	3969	28826	16935	6659	1384
209086	237714	243430	11465	3969	28826	16935	6659	1384
209086	237714	243430	11465	3969	28826	16935	6659	1384
210040	1334793	315977	13297	9180	14347	20153	4821	4965
210040	1334793	315977	13297	9180	14347	20153	4821	4965
210040	1334793	315977	13297	9180	14347	20153	4821	4965
210040	1334793	315977	13297	9180	14347	20153	4821	4965
210040	1334793	315977	13297	9180	14347	20153	4821	4965
210040	1334793	315977	13297	9180	14347	20153	4821	4965
210040	1334793	315977	13297	9180	14347	20153	4821	4965
210040	1334793	315977	13297	9180	14347	20153	4821	4965
210998	884054	161502	53702	21770	24753	11675	5039	2119
210998	884054	161502	53702	21770	24753	11675	5039	2119
210998	884054	161502	53702	21770	24753	11675	5039	2119
210998	884054	161502	53702	21770	24753	11675	5039	2119
210998	884054	161502	53702	21770	24753	11675	5039	2119
210998	884054	161502	53702	21770	24753	11675	5039	2119
210998	884054	161502	53702	21770	24753	11675	5039	2119
210998	884054	161502	53702	21770	24753	11675	5039	2119
212055	237701	188852	62221	12865	18765	46597	3544	1260
212055	237701	188852	62221	12865	18765	46597	3544	1260
212055	237701	188852	62221	12865	18765	46597	3544	1260
212055	237701	188852	62221	12865	18765	46597	3544	1260
212055	237701	188852	62221	12865	18765	46597	3544	1260
212055	237701	188852	62221	12865	18765	46597	3544	1260
212055	237701	188852	62221	12865	18765	46597	3544	1260
212055	237701	188852	62221	12865	18765	46597	3544	1260
213002	106182	142555	42716	26160	38061	19820	2789	1965
213002	106182	142555	42716	26160	38061	19820	2789	1965
213002	106182	142555	42716	26160	38061	19820	2789	1965
213002	106182	142555	42716	26160	38061	19820	2789	1965
213002	106182	142555	42716	26160	38061	19820	2789	1965
213002	106182	142555	42716	26160	38061	19820	2789	1965
213002	106182	142555	42716	26160	38061	19820	2789	1965
213002	106182	142555	42716	26160	38061	19820	2789	1965
214063	107664	117354	75974	28746	20781	17237	4259	1842
214063	107664	117354	75974	28746	20781	17237	4259	1842
214063	107664	117354	75974	28746	20781	17237	4259	1842
214063	107664	117354	75974	28746	20781	17237	4259	1842
214063	107664	117354	75974	28746	20781	17237	4259	1842
214063	107664	117354	75974	28746	20781	17237	4259	1842
214063	107664	117354	75974	28746	20781	17237	4259	1842
214063	107664	117354	75974	28746	20781	17237	4259	1842
214996	213690	265600	5165	13217	12475	12252	3070	1749
214996	213690	265600	5165	13217	12475	12252	3070	1749
214996	213690	265600	5165	13217	12475	12252	3070	1749
214996	213690	265600	5165	13217	12475	12252	3070	1749
214996	213690	265600	5165	13217	12475	12252	3070	1749
214996	213690	265600	5165	13217	12475	12252	3070	1749
214996	213690	265600	5165	13217	12475	12252	3070	1749
214996	213690	265600	5165	13217	12475	12252	3070	1749
216043	45369	198348	89859	10864	17936	12838	6475	1124
216043	45369	198348	89859	10864	17936	12838	6475	1124
216043	45369	198348	89859	10864	17936	12838	6475	1124
216043	45369	198348	89859	10864	17936	12838	6475	1124
216043	45369	198348	89859	10864	17936	12838	6475	1124
216043	45369	198348	89859	10864	17936	12838	6475	1124
216043	45369	198348	89859	10864	17936	12838	6475	1124
216043	45369	198348	89859	10864	17936	12838	6475	1124
216990	80907	49232	29308	54149	27478	12878	5281	5093
216990	80907	49232	29308	54149	27478	12878	5281	5093
216990	80907	49232	29308	54149	27478	12878	5281	5093
216990	80907	49232	29308	54149	27478	12878	5281	5093
216990	80907	49232	29308	54149	27478	12878	5281	5093
216990	80907	49232	29308	54149	27478	12878	5281	5093
216990	80907	49232	29308	54149	27478	12878	5281	5093
216990	80907	49232	29308	54149	27478	12878	5281	5093
217997	86428	34582	6049	18511	15056	4695	1755	481
217997	86428	34582	6049	18511	15056	4695	1755	481
217997	86428	34582	6049	18511	15056	4695	1755	481
217997	86428	34582	6049	18511	15056	4695	1755	481
217997	86428	34582	6049	18511	15056	4695	1755	481
217997	86428	34582	6049	18511	15056	4695	1755	481
217997	86428	34582	6049	18511	15056	4695	1755	481
217997	86428	34582	6049	18511	15056	4695	1755	481
218992	2831855	94736	74168	26986	10482	6633	4910	1150
218992	2831855	94736	74168	26986	10482	6633	4910	1150
218992	2831855	94736	74168	26986	10482	6633	4910	1150
218992	2831855	94736	74168	26986	10482	6633	4910	1150
218992	2831855	94736	74168	26986	10482	6633	4910	1150
218992	2831855	94736	74168	26986	10482	6633	4910	1150
218992	2831855	94736	74168	26986	10482	6633	4910	1150
218992	2831855	94736	74168	26986	10482	6633	4910	1150
219944	1290083	190646	118706	14798	11328	14712	4364	4367
219944	1290083	190646	118706	14798	11328	14712	4364	4367
219944	1290083	190646	118706	14798	11328	14712	4364	4367
219944	1290083	190646	118706	14798	11328	14712	4364	4367
219944	1290083	190646	118706	14798	11328	14712	4364	4367
219944	1290083	190646	118706	14798	11328	14712	4364	4367
219944	1290083	190646	118706	14798	11328	14712	4364	4367
219944	1290083	190646	118706	14798	11328	14712	4364	4367
221027	45984	260476	6169	16963	8520	9683	4442	2551
221027	45984	260476	6169	16963	8520	9683	4442	2551
221027	45984	260476	6169	16963	8520	9683	4442	2551
221027	45984	260476	6169	16963	8520	9683	4442	2551
221027	45984	260476	6169	16963	8520	9683	4442	2551
221027	45984	260476	6169	16963	8520	9683	4442	2551
221027	45984	260476	6169	16963	8520	9683	4442	2551
221027	45984	260476	6169	16963	8520	9683	4442	2551
221991	213544	65094	14478	4622	3470	2434	655	389
221991	213544	65094	14478	4622	3470	2434	655	389
221991	213544	65094	14478	4622	3470	2434	655	389
221991	213544	65094	14478	4622	3470	2434	655	389
221991	213544	65094	14478	4622	3470	2434	655	389
221991	213544	65094	14478	4622	3470	2434	655	389
221991	213544	65094	14478	4622	3470	2434	655	389
221991	213544	65094	14478	4622	3470	2434	655	389
222935	842727	109824	7562	38554	26013	18936	3404	2509
222935	842727	109824	7562	38554	26013	18936	3404	2509
222935	842727	109824	7562	38554	26013	18936	3404	2509
222935	842727	109824	7562	38554	26013	18936	3404	2509
222935	842727	109824	7562	38554	26013	18936	3404	2509
222935	842727	109824	7562	38554	26013	18936	3404	2509
222935	842727	109824	7562	38554	26013	18936	3404	2509
222935	842727	109824	7562	38554	26013	18936	3404	2509
223977	409549	36016	19945	9135	5950	3811	819	493
223977	409549	36016	19945	9135	5950	3811	819	493
223977	409549	36016	19945	9135	5950	3811	819	493
223977	409549	36016	19945	9135	5950	3811	819	493
223977	409549	36016	19945	9135	5950	3811	819	493
223977	409549	36016	19945	9135	5950	3811	819	493
223977	409549	36016	19945	9135	5950	3811	819	493
223977	409549	36016	19945	9135	5950	3811	819	493
224908	1609043	127532	50939	25243	12460	8808	6146	2088
224908	1609043	127532	50939	25243	12460	8808	6146	2088
224908	1609043	127532	50939	25243	12460	8808	6146	2088
224908	1609043	127532	50939	25243	12460	8808	6146	2088
224908	1609043	127532	50939	25243	12460	8808	6146	2088
224908	1609043	127532	50939	25243	12460	8808	6146	2088
224908	1609043	127532	50939	25243	12460	8808	6146	2088
224908	1609043	127532	50939	25243	12460	8808	6146	2088
225982	219515	146082	3749	16785	46811	5575	10004	1899
225982	219515	146082	3749	16785	46811	5575	10004	1899
225982	219515	146082	3749	16785	46811	5575	10004	1899
225982	219515	146082	3749	16785	46811	5575	10004	1899
225982	219515	146082	3749	16785	46811	5575	10004	1899
225982	219515	146082	3749	16785	46811	5575	10004	1899
225982	219515	146082	3749	16785	46811	5575	10004	1899
225982	219515	146082	3749	16785	46811	5575	10004	1899
226928	1751112	75937	1841	18846	22259	8793	5415	1122
226928	1751112	75937	1841	18846	22259	8793	5415	1122
226928	1751112	75937	1841	18846	22259	8793	5415	1122
226928	1751112	75937	1841	18846	22259	8793	5415	1122
226928	1751112	75937	1841	18846	22259	8793	5415	1122
226928	1751112	75937	1841	18846	22259	8793	5415	1122
226928	1751112	75937	1841	18846	22259	8793	5415	1122
226928	1751112	75937	1841	18846	22259	8793	5415	1122
227974	514286	109142	30027	28142	36366	28158	5961	5170
227974	514286	109142	30027	28142	36366	28158	5961	5170
227974	514286	109142	30027	28142	36366	28158	5961	5170
227974	514286	109142	30027	28142	36366	28158	5961	5170
227974	514286	109142	30027	28142	36366	28158	5961	5170
227974	514286	109142	30027	28142	36366	28158	5961	5170
227974	514286	109142	30027	28142	36366	28158	5961	5170
227974	514286	109142	30027	28142	36366	28158	5961	5170
228904	445210	113330	90600	23873	8413	12564	5568	4410
228904	445210	113330	90600	23873	8413	12564	5568	4410
228904	445210	113330	90600	23873	8413	12564	5568	4410
228904	445210	113330	90600	23873	8413	12564	5568	4410
228904	445210	113330	90600	23873	8413	12564	5568	4410
228904	445210	113330	90600	23873	8413	12564	5568	4410
228904	445210	113330	90600	23873	8413	12564	5568	4410
228904	445210	113330	90600	23873	8413	12564	5568	4410
229971	1311831	134714	99922	11538	13621	7569	5088	1559
229971	1311831	134714	99922	11538	13621	7569	5088	1559
229971	1311831	134714	99922	11538	13621	7569	5088	1559
229971	1311831	134714	99922	11538	13621	7569	5088	1559
229971	1311831	134714	99922	11538	13621	7569	5088	1559
229971	1311831	134714	99922	11538	13621	7569	5088	1559
229971	1311831	134714	99922	11538	13621	7569	5088	1559
229971	1311831	134714	99922	11538	13621	7569	5088	1559
230921	92759	155228	29102	11265	37118	5721	4874	1214
230921	92759	155228	29102	11265	37118	5721	4874	1214
230921	92759	155228	29102	11265	37118	5721	4874	1214
230921	92759	155228	29102	11265	37118	5721	4874	1214
230921	92759	155228	29102	11265	37118	5721	4874	1214
230921	92759	155228	29102	11265	37118	5721	4874	1214
230921	92759	155228	29102	11265	37118	5721	4874	1214
230921	92759	155228	29102	11265	37118	5721	4874	1214
231954	76710	71798	8621	13471	12531	11739	6563	2245
231954	76710	71798	8621	13471	12531	11739	6563	2245
231954	76710	71798	8621	13471	12531	11739	6563	2245
231954	76710	71798	8621	13471	12531	11739	6563	2245
231954	76710	71798	8621	13471	12531	11739	6563	2245
231954	76710	71798	8621	13471	12531	11739	6563	2245
231954	76710	71798	8621	13471	12531	11739	6563	2245
231954	76710	71798	8621	13471	12531	11739	6563	2245
232925	88826	217916	23997	10241	17205	14452	5234	425
232925	88826	217916	23997	10241	17205	14452	5234	425
232925	88826	217916	23997	10241	17205	14452	5234	425
232925	88826	217916	23997	10241	17205	14452	5234	425
232925	88826	217916	23997	10241	17205	14452	5234	425
232925	88826	217916	23997	10241	17205	14452	5234	425
232925	88826	217916	23997	10241	17205	14452	5234	425
232925	88826	217916	23997	10241	17205	14452	5234	425
233875	292194	210075	42584	8871	28299	12734	2612	1857
233875	292194	210075	42584	8871	28299	12734	2612	1857
233875	292194	210075	42584	8871	28299	12734	2612	1857
233875	292194	210075	42584	8871	28299	12734	2612	1857
233875	292194	210075	42584	8871	28299	12734	2612	1857
233875	292194	210075	42584	8871	28299	12734	2612	1857
233875	292194	210075	42584	8871	28299	12734	2612	1857
233875	292194	210075	42584	8871	28299	12734	2612	1857
234932	26298	134042	29545	11936	32738	5913	7506	1014
234932	26298	134042	29545	11936	32738	5913	7506	1014
234932	26298	134042	29545	11936	32738	5913	7506	1014
234932	26298	134042	29545	11936	32738	5913	7506	1014
234932	26298	134042	29545	11936	32738	5913	7506	1014
234932	26298	134042	29545	11936	32738	5913	7506	1014
234932	26298	134042	29545	11936	32738	5913	7506	1014
234932	26298	134042	29545	11936	32738	5913	7506	1014
235905	2028067	316246	36435	10954	20998	14666	7174	2624
235905	2028067	316246	36435	10954	20998	14666	7174	2624
235905	2028067	316246	36435	10954	20998	14666	7174	2624
235905	2028067	316246	36435	10954	20998	14666	7174	2624
235905	2028067	316246	36435	10954	20998	14666	7174	2624
235905	2028067	316246	36435	10954	20998	14666	7174	2624
235905	2028067	316246	36435	10954	20998	14666	7174	2624
235905	2028067	316246	36435	10954	20998	14666	7174	2624
236863	1485011	87153	13385	3073	6388	4060	2617	697
236863	1485011	87153	13385	3073	6388	4060	2617	697
236863	1485011	87153	13385	3073	6388	4060	2617	697
236863	1485011	87153	13385	3073	6388	4060	2617	697
236863	1485011	87153	13385	3073	6388	4060	2617	697
236863	1485011	87153	13385	3073	6388	4060	2617	697
236863	1485011	87153	13385	3073	6388	4060	2617	697
236863	1485011	87153	13385	3073	6388	4060	2617	697
237918	2227643	19127	5660	3688	6614	4294	1289	209
237918	2227643	19127	5660	3688	6614	4294	1289	209
237918	2227643	19127	5660	3688	6614	4294	1289	209
237918	2227643	19127	5660	3688	6614	4294	1289	209
237918	2227643	19127	5660	3688	6614	4294	1289	209
237918	2227643	19127	5660	3688	6614	4294	1289	209
237918	2227643	19127	5660	3688	6614	4294	1289	209
237918	2227643	19127	5660	3688	6614	4294	1289	209
238885	363845	162451	49129	27452	56808	24713	5996	1561
238885	363845	162451	49129	27452	56808	24713	5996	1561
238885	363845	162451	49129	27452	56808	24713	5996	1561
238885	363845	162451	49129	27452	56808	24713	5996	1561
238885	363845	162451	49129	27452	56808	24713	5996	1561
238885	363845	162451	49129	27452	56808	24713	5996	1561
238885	363845	162451	49129	27452	56808	24713	5996	1561
238885	363845	162451	49129	27452	56808	24713	5996	1561
239843	786566	154683	14267	23526	16277	10584	1798	1244
239843	786566	154683	14267	23526	16277	10584	1798	1244
239843	786566	154683	14267	23526	16277	10584	1798	1244
239843	786566	154683	14267	23526	16277	10584	1798	1244
239843	786566	154683	14267	23526	16277	10584	1798	1244
239843	786566	154683	14267	23526	16277	10584	1798	1244
239843	786566	154683	14267	23526	16277	10584	1798	1244
239843	786566	154683	14267	23526	16277	10584	1798	1244
240828	13186	284073	3171	9606	12286	8585	3155	556
240829	13186	284073	3171	9606	12286	8585	3155	556
240829	13186	284073	3171	9606	12286	8585	3155	556
240829	13186	284073	3171	9606	12286	8585	3155	556
240829	13186	284073	3171	9606	12286	8585	3155	556
240829	13186	284073	3171	9606	12286	8585	3155	556
240829	13186	284073	3171	9606	12286	8585	3155	556
240829	13186	284073	3171	9606	12286	8585	3155	556
241862	838248	398539	14245	9518	8572	3732	5256	710
241862	838248	398539	14245	9518	8572	3732	5256	710
241862	838248	398539	14245	9518	8572	3732	5256	710
241862	838248	398539	14245	9518	8572	3732	5256	710
241862	838248	398539	14245	9518	8572	3732	5256	710
241862	838248	398539	14245	9518	8572	3732	5256	710
241862	838248	398539	14245	9518	8572	3732	5256	710
241862	838248	398539	14245	9518	8572	3732	5256	710
242836	11811	376243	137811	38392	27961	8841	3013	1728
242836	11811	376243	137811	38392	27961	8841	3013	1728
242836	11811	376243	137811	38392	27961	8841	3013	1728
242836	11811	376243	137811	38392	27961	8841	3013	1728
242836	11811	376243	137811	38392	27961	8841	3013	1728
242836	11811	376243	137811	38392	27961	8841	3013	1728
242836	11811	376243	137811	38392	27961	8841	3013	1728
242836	11811	376243	137811	38392	27961	8841	3013	1728
243808	168356	344435	56702	35222	9575	18580	2622	1812
243808	168356	344435	56702	35222	9575	18580	2622	1812
243808	168356	344435	56702	35222	9575	18580	2622	1812
243808	168356	344435	56702	35222	9575	18580	2622	1812
243808	168356	344435	56702	35222	9575	18580	2622	1812
243808	168356	344435	56702	35222	9575	18580	2622	1812
243808	168356	344435	56702	35222	9575	18580	2622	1812
243808	168356	344435	56702	35222	9575	18580	2622	1812
244851	207695	20159	3468	7103	2140	3157	708	1225
244851	207695	20159	3468	7103	2140	3157	708	1225
244851	207695	20159	3468	7103	2140	3157	708	1225
244851	207695	20159	3468	7103	2140	3157	708	1225
244851	207695	20159	3468	7103	2140	3157	708	1225
244851	207695	20159	3468	7103	2140	3157	708	1225
244851	207695	20159	3468	7103	2140	3157	708	1225
244851	207695	20159	3468	7103	2140	3157	708	1225
245849	17911	171738	5698	11795	27893	6040	4923	1232
245849	17911	171738	5698	11795	27893	6040	4923	1232
245849	17911	171738	5698	11795	27893	6040	4923	1232
245849	17911	171738	5698	11795	27893	6040	4923	1232
245849	17911	171738	5698	11795	27893	6040	4923	1232
245849	17911	171738	5698	11795	27893	6040	4923	1232
245849	17911	171738	5698	11795	27893	6040	4923	1232
245849	17911	171738	5698	11795	27893	6040	4923	1232
246821	37620	64818	23115	16796	28047	10516	3294	1503
246821	37620	64818	23115	16796	28047	10516	3294	1503
246821	37620	64818	23115	16796	28047	10516	3294	1503
246821	37620	64818	23115	16796	28047	10516	3294	1503
246821	37620	64818	23115	16796	28047	10516	3294	1503
246821	37620	64818	23115	16796	28047	10516	3294	1503
246821	37620	64818	23115	16796	28047	10516	3294	1503
246821	37620	64818	23115	16796	28047	10516	3294	1503
247883	60140	42540	17926	12951	14382	6378	2432	2123
247883	60140	42540	17926	12951	14382	6378	2432	2123
247883	60140	42540	17926	12951	14382	6378	2432	2123
247883	60140	42540	17926	12951	14382	6378	2432	2123
247883	60140	42540	17926	12951	14382	6378	2432	2123
247883	60140	42540	17926	12951	14382	6378	2432	2123
247883	60140	42540	17926	12951	14382	6378	2432	2123
247883	60140	42540	17926	12951	14382	6378	2432	2123
248805	33569	126268	23010	24960	24739	6328	5080	1423
248805	33569	126268	23010	24960	24739	6328	5080	1423
248805	33569	126268	23010	24960	24739	6328	5080	1423
248805	33569	126268	23010	24960	24739	6328	5080	1423
248805	33569	126268	23010	24960	24739	6328	5080	1423
248805	33569	126268	23010	24960	24739	6328	5080	1423
248805	33569	126268	23010	24960	24739	6328	5080	1423
248805	33569	126268	23010	24960	24739	6328	5080	1423
249843	949966	331082	98751	21453	15909	29645	4487	1558
249843	949966	331082	98751	21453	15909	29645	4487	1558
249843	949966	331082	98751	21453	15909	29645	4487	1558
249843	949966	331082	98751	21453	15909	29645	4487	1558
249843	949966	331082	98751	21453	15909	29645	4487	1558
249843	949966	331082	98751	21453	15909	29645	4487	1558
249843	949966	331082	98751	21453	15909	29645	4487	1558
249843	949966	331082	98751	21453	15909	29645	4487	1558
250779	194684	47335	23710	10222	9431	6774	1598	711
250779	194684	47335	23710	10222	9431	6774	1598	711
250779	194684	47335	23710	10222	9431	6774	1598	711
250779	194684	47335	23710	10222	9431	6774	1598	711
250779	194684	47335	23710	10222	9431	6774	1598	711
250779	194684	47335	23710	10222	9431	6774	1598	711
250779	194684	47335	23710	10222	9431	6774	1598	711
250779	194684	47335	23710	10222	9431	6774	1598	711
251807	233720	160542	10237	15479	19969	30767	4644	1256
251807	233720	160542	10237	15479	19969	30767	4644	1256
251807	233720	160542	10237	15479	19969	30767	4644	1256
251807	233720	160542	10237	15479	19969	30767	4644	1256
251807	233720	160542	10237	15479	19969	30767	4644	1256
251807	233720	160542	10237	15479	19969	30767	4644	1256
251807	233720	160542	10237	15479	19969	30767	4644	1256
251807	233720	160542	10237	15479	19969	30767	4644	1256
252760	304717	89829	35185	50548	23535	6846	8033	3924
252760	304717	89829	35185	50548	23535	6846	8033	3924
252760	304717	89829	35185	50548	23535	6846	8033	3924
252760	304717	89829	35185	50548	23535	6846	8033	3924
252760	304717	89829	35185	50548	23535	6846	8033	3924
252760	304717	89829	35185	50548	23535	6846	8033	3924
252760	304717	89829	35185	50548	23535	6846	8033	3924
252760	304717	89829	35185	50548	23535	6846	8033	3924
253744	1754390	363646	14352	10858	10524	11898	9645	5253
253744	1754390	363646	14352	10858	10524	11898	9645	5253
253744	1754390	363646	14352	10858	10524	11898	9645	5253
253744	1754390	363646	14352	10858	10524	11898	9645	5253
253744	1754390	363646	14352	10858	10524	11898	9645	5253
253744	1754390	363646	14352	10858	10524	11898	9645	5253
253744	1754390	363646	14352	10858	10524	11898	9645	5253
253744	1754390	363646	14352	10858	10524	11898	9645	5253
254825	728426	19307	995	2390	1883	640	241	154
254825	728426	19307	995	2390	1883	640	241	154
254825	728426	19307	995	2390	1883	640	241	154
254825	728426	19307	995	2390	1883	640	241	154
254825	728426	19307	995	2390	1883	640	241	154
254825	728426	19307	995	2390	1883	640	241	154
254825	728426	19307	995	2390	1883	640	241	154
254825	728426	19307	995	2390	1883	640	241	154
255776	781286	20611	21323	10882	2814	5204	2253	1114
255776	781286	20611	21323	10882	2814	5204	2253	1114
255776	781286	20611	21323	10882	2814	5204	2253	1114
255776	781286	20611	21323	10882	2814	5204	2253	1114
255776	781286	20611	21323	10882	2814	5204	2253	1114
255776	781286	20611	21323	10882	2814	5204	2253	1114
255776	781286	20611	21323	10882	2814	5204	2253	1114
255776	781286	20611	21323	10882	2814	5204	2253	1114
256812	203455	111640	44180	71605	36308	10190	5319	2003
256812	203455	111640	44180	71605	36308	10190	5319	2003
256812	203455	111640	44180	71605	36308	10190	5319	2003
256812	203455	111640	44180	71605	36308	10190	5319	2003
256812	203455	111640	44180	71605	36308	10190	5319	2003
256812	203455	111640	44180	71605	36308	10190	5319	2003
256812	203455	111640	44180	71605	36308	10190	5319	2003
256812	203455	111640	44180	71605	36308	10190	5319	2003
257776	416947	24173	6191	21079	6254	2857	2602	249
257776	416947	24173	6191	21079	6254	2857	2602	249
257776	416947	24173	6191	21079	6254	2857	2602	249
257776	416947	24173	6191	21079	6254	2857	2602	249
257776	416947	24173	6191	21079	6254	2857	2602	249
257776	416947	24173	6191	21079	6254	2857	2602	249
257776	416947	24173	6191	21079	6254	2857	2602	249
257776	416947	24173	6191	21079	6254	2857	2602	249
258731	443899	153095	76923	13235	14577	11576	4151	1551
258731	443899	153095	76923	13235	14577	11576	4151	1551
258731	443899	153095	76923	13235	14577	11576	4151	1551
258731	443899	153095	76923	13235	14577	11576	4151	1551
258731	443899	153095	76923	13235	14577	11576	4151	1551
258731	443899	153095	76923	13235	14577	11576	4151	1551
258731	443899	153095	76923	13235	14577	11576	4151	1551
258731	443899	153095	76923	13235	14577	11576	4151	1551
